"Participante","Tempo_leitura2","Resposta ","Item ","Grupo","Cond","Resposta_tipo"
"S2","2845","c","H1","1","Homonimia","ambos"
"S2","2408","c","H2","1","Homonimia","ambos"
"S2","2408","c","H3","1","Homonimia","ambos"
"S2","2221","c","H4","1","Homonimia","ambos"
"S2","2324","b","H5","1","Homonimia","Sentido 2"
"S2","2033","b","H6","1","Homonimia","Sentido 2"
"S2","2996","a","P1","1","Polissemia","Sentido 1"
"S2","2201","a","P2","1","Polissemia","Sentido 1"
"S2","6168","b","P3","1","Polissemia","Sentido 2"
"S2","3730","c","P4","1","Polissemia","ambos"
"S2","3471","a","P5","1","Polissemia","Sentido 1"
"S2","2192","c","P6","1","Polissemia","ambos"
"S7","1134","a","H1","1","Homonimia","Sentido 1"
"S7","943","a","H2","1","Homonimia","Sentido 1"
"S7","1380","d","H3","1","Homonimia","nenhum"
"S7","1732","c","H4","1","Homonimia","ambos"
"S7","1825","c","H5","1","Homonimia","ambos"
"S7","1148","b","H6","1","Homonimia","Sentido 2"
"S7","950","a","P1","1","Polissemia","Sentido 1"
"S7","1110","a","P2","1","Polissemia","Sentido 1"
"S7","2883","b","P3","1","Polissemia","Sentido 2"
"S7","1230","b","P4","1","Polissemia","Sentido 2"
"S7","702","a","P5","1","Polissemia","Sentido 1"
"S7","1080","b","P6","1","Polissemia","Sentido 2"
"S5","1288","b","H1","1","Homonimia","Sentido 2"
"S5","1605","a","H2","1","Homonimia","Sentido 1"
"S5","1301","a","H3","1","Homonimia","Sentido 1"
"S5","1832","b","H4","1","Homonimia","Sentido 2"
"S5","891","b","H5","1","Homonimia","Sentido 2"
"S5","1510","d","H6","1","Homonimia","nenhum"
"S5","1199","b","P1","1","Polissemia","Sentido 2"
"S5","3375","d","P2","1","Polissemia","nenhum"
"S5","1713","b","P3","1","Polissemia","Sentido 2"
"S5","5715","b","P4","1","Polissemia","Sentido 2"
"S5","1146","a","P5","1","Polissemia","Sentido 1"
"S5","4683","b","P6","1","Polissemia","Sentido 2"
"S30","1282","a","H1","1","Homonimia","Sentido 1"
"S30","1975","a","H2","1","Homonimia","Sentido 1"
"S30","1704","d","H3","1","Homonimia","nenhum"
"S30","2102","a","H4","1","Homonimia","Sentido 1"
"S30","1393","b","H5","1","Homonimia","Sentido 2"
"S30","1548","d","H6","1","Homonimia","nenhum"
"S30","3430","d","P1","1","Polissemia","nenhum"
"S30","2458","a","P2","1","Polissemia","Sentido 1"
"S30","1648","b","P3","1","Polissemia","Sentido 2"
"S30","2526","b","P4","1","Polissemia","Sentido 2"
"S30","1445","a","P5","1","Polissemia","Sentido 1"
"S30","2825","b","P6","1","Polissemia","Sentido 2"
"S10","988","a","H1","1","Homonimia","Sentido 1"
"S10","1799","c","H2","1","Homonimia","ambos"
"S10","2198","a","H3","1","Homonimia","Sentido 1"
"S10","2536","b","H4","1","Homonimia","Sentido 2"
"S10","1167","b","H5","1","Homonimia","Sentido 2"
"S10","2160","d","H6","1","Homonimia","nenhum"
"S10","1103","a","P1","1","Polissemia","Sentido 1"
"S10","1760","a","P2","1","Polissemia","Sentido 1"
"S10","1100","a","P3","1","Polissemia","Sentido 1"
"S10","2504","b","P4","1","Polissemia","Sentido 2"
"S10","1687","a","P5","1","Polissemia","Sentido 1"
"S10","1670","b","P6","1","Polissemia","Sentido 2"
"S16","1447","c","H1","1","Homonimia","ambos"
"S16","887","c","H2","1","Homonimia","ambos"
"S16","1417","a","H3","1","Homonimia","Sentido 1"
"S16","816","b","H4","1","Homonimia","Sentido 2"
"S16","1203","b","H5","1","Homonimia","Sentido 2"
"S16","614","b","H6","1","Homonimia","Sentido 2"
"S16","2122","a","P1","1","Polissemia","Sentido 1"
"S16","1183","a","P2","1","Polissemia","Sentido 1"
"S16","704","a","P3","1","Polissemia","Sentido 1"
"S16","986","b","P4","1","Polissemia","Sentido 2"
"S16","618","a","P5","1","Polissemia","Sentido 1"
"S16","1079","c","P6","1","Polissemia","ambos"
"S4","1349","a","H1","1","Homonimia","Sentido 1"
"S4","2367","a","H2","1","Homonimia","Sentido 1"
"S4","978","b","H3","1","Homonimia","Sentido 2"
"S4","2896","a","H4","1","Homonimia","Sentido 1"
"S4","1018","b","H5","1","Homonimia","Sentido 2"
"S4","2200","b","H6","1","Homonimia","Sentido 2"
"S4","1367","a","P1","1","Polissemia","Sentido 1"
"S4","1049","a","P2","1","Polissemia","Sentido 1"
"S4","1568","b","P3","1","Polissemia","Sentido 2"
"S4","4420","b","P4","1","Polissemia","Sentido 2"
"S4","1403","a","P5","1","Polissemia","Sentido 1"
"S4","1431","a","P6","1","Polissemia","Sentido 1"
"S37","988","a","H1","1","Homonimia","Sentido 1"
"S37","1799","c","H2","1","Homonimia","ambos"
"S37","2198","a","H3","1","Homonimia","Sentido 1"
"S37","2536","b","H4","1","Homonimia","Sentido 2"
"S37","1167","b","H5","1","Homonimia","Sentido 2"
"S37","2160","d","H6","1","Homonimia","nenhum"
"S37","1103","a","P1","1","Polissemia","Sentido 1"
"S37","1760","a","P2","1","Polissemia","Sentido 1"
"S37","1100","a","P3","1","Polissemia","Sentido 1"
"S37","2504","b","P4","1","Polissemia","Sentido 2"
"S37","1687","a","P5","1","Polissemia","Sentido 1"
"S37","1670","b","P6","1","Polissemia","Sentido 2"
"S33","1792","a","H1","1","Homonimia","Sentido 1"
"S33","879","b","H2","1","Homonimia","Sentido 2"
"S33","1071","b","H3","1","Homonimia","Sentido 2"
"S33","1008","d","H4","1","Homonimia","nenhum"
"S33","688","b","H5","1","Homonimia","Sentido 2"
"S33","1458","b","H6","1","Homonimia","Sentido 2"
"S33","639","a","P1","1","Polissemia","Sentido 1"
"S33","2408","a","P2","1","Polissemia","Sentido 1"
"S33","833","b","P3","1","Polissemia","Sentido 2"
"S33","416","b","P4","1","Polissemia","Sentido 2"
"S33","1256","a","P5","1","Polissemia","Sentido 1"
"S33","632","b","P6","1","Polissemia","Sentido 2"
"S25","1232","a","H1","1","Homonimia","Sentido 1"
"S25","568","b","H2","1","Homonimia","Sentido 2"
"S25","1744","a","H3","1","Homonimia","Sentido 1"
"S25","880","a","H4","1","Homonimia","Sentido 1"
"S25","752","b","H5","1","Homonimia","Sentido 2"
"S25","2016","d","H6","1","Homonimia","nenhum"
"S25","1664","a","P1","1","Polissemia","Sentido 1"
"S25","1552","d","P2","1","Polissemia","nenhum"
"S25","2193","b","P3","1","Polissemia","Sentido 2"
"S25","1848","b","P4","1","Polissemia","Sentido 2"
"S25","1424","a","P5","1","Polissemia","Sentido 1"
"S25","728","b","P6","1","Polissemia","Sentido 2"
"S29","948","b","H1","1","Homonimia","Sentido 2"
"S29","915","a","H2","1","Homonimia","Sentido 1"
"S29","1622","b","H3","1","Homonimia","Sentido 2"
"S29","830","a","H4","1","Homonimia","Sentido 1"
"S29","803","a","H5","1","Homonimia","Sentido 1"
"S29","805","b","H6","1","Homonimia","Sentido 2"
"S29","741","a","P1","1","Polissemia","Sentido 1"
"S29","1115","b","P2","1","Polissemia","Sentido 2"
"S29","840","b","P3","1","Polissemia","Sentido 2"
"S29","635","a","P4","1","Polissemia","Sentido 1"
"S29","3344","a","P5","1","Polissemia","Sentido 1"
"S29","754","b","P6","1","Polissemia","Sentido 2"
"S38","1587","a","H1","1","Homonimia","Sentido 1"
"S38","2749","a","H2","1","Homonimia","Sentido 1"
"S38","2513","a","H3","1","Homonimia","Sentido 1"
"S38","2861","b","H4","1","Homonimia","Sentido 2"
"S38","2586","b","H5","1","Homonimia","Sentido 2"
"S38","1825","b","H6","1","Homonimia","Sentido 2"
"S38","2210","a","P1","1","Polissemia","Sentido 1"
"S38","2744","a","P2","1","Polissemia","Sentido 1"
"S38","2215","a","P3","1","Polissemia","Sentido 1"
"S38","2391","b","P4","1","Polissemia","Sentido 2"
"S38","2679","a","P5","1","Polissemia","Sentido 1"
"S38","2363","a","P6","1","Polissemia","Sentido 1"
"S28","1004","a","H1","1","Homonimia","Sentido 1"
"S28","1595","b","H2","1","Homonimia","Sentido 2"
"S28","2265","c","H3","1","Homonimia","ambos"
"S28","2058","b","H4","1","Homonimia","Sentido 2"
"S28","1767","c","H5","1","Homonimia","ambos"
"S28","1649","b","H6","1","Homonimia","Sentido 2"
"S28","2120","a","P1","1","Polissemia","Sentido 1"
"S28","1764","a","P2","1","Polissemia","Sentido 1"
"S28","1720","b","P3","1","Polissemia","Sentido 2"
"S28","1641","b","P4","1","Polissemia","Sentido 2"
"S28","1686","a","P5","1","Polissemia","Sentido 1"
"S28","1338","b","P6","1","Polissemia","Sentido 2"
"S40","1413","a","H1","1","Homonimia","Sentido 1"
"S40","1339","c","H2","1","Homonimia","ambos"
"S40","1154","a","H3","1","Homonimia","Sentido 1"
"S40","1394","b","H4","1","Homonimia","Sentido 2"
"S40","1352","b","H5","1","Homonimia","Sentido 2"
"S40","1267","d","H6","1","Homonimia","nenhum"
"S40","2564","a","P1","1","Polissemia","Sentido 1"
"S40","1966","a","P2","1","Polissemia","Sentido 1"
"S40","1850","a","P3","1","Polissemia","Sentido 1"
"S40","2276","b","P4","1","Polissemia","Sentido 2"
"S40","1747","a","P5","1","Polissemia","Sentido 1"
"S40","1227","b","P6","1","Polissemia","Sentido 2"
"S20","901","a","H1","1","Homonimia","Sentido 1"
"S20","1588","b","H2","1","Homonimia","Sentido 2"
"S20","1950","a","H3","1","Homonimia","Sentido 1"
"S20","1854","a","H4","1","Homonimia","Sentido 1"
"S20","1374","b","H5","1","Homonimia","Sentido 2"
"S20","1092","b","H6","1","Homonimia","Sentido 2"
"S20","2165","a","P1","1","Polissemia","Sentido 1"
"S20","1477","a","P2","1","Polissemia","Sentido 1"
"S20","1529","b","P3","1","Polissemia","Sentido 2"
"S20","1882","b","P4","1","Polissemia","Sentido 2"
"S20","2061","a","P5","1","Polissemia","Sentido 1"
"S20","1631","b","P6","1","Polissemia","Sentido 2"
"S17","1013","a","H1","1","Homonimia","Sentido 1"
"S17","1037","b","H2","1","Homonimia","Sentido 2"
"S17","2540","a","H3","1","Homonimia","Sentido 1"
"S17","2532","b","H4","1","Homonimia","Sentido 2"
"S17","1284","b","H5","1","Homonimia","Sentido 2"
"S17","1293","d","H6","1","Homonimia","nenhum"
"S17","1312","a","P1","1","Polissemia","Sentido 1"
"S17","1349","a","P2","1","Polissemia","Sentido 1"
"S17","2457","b","P3","1","Polissemia","Sentido 2"
"S17","1248","b","P4","1","Polissemia","Sentido 2"
"S17","1020","a","P5","1","Polissemia","Sentido 1"
"S17","979","b","P6","1","Polissemia","Sentido 2"
"S6","1788","c","H1","1","Homonimia","ambos"
"S6","1180","b","H2","1","Homonimia","Sentido 2"
"S6","2225","a","H3","1","Homonimia","Sentido 1"
"S6","2317","b","H4","1","Homonimia","Sentido 2"
"S6","1310","b","H5","1","Homonimia","Sentido 2"
"S6","2228","b","H6","1","Homonimia","Sentido 2"
"S6","2507","a","P1","1","Polissemia","Sentido 1"
"S6","2427","a","P2","1","Polissemia","Sentido 1"
"S6","1756","a","P3","1","Polissemia","Sentido 1"
"S6","2215","b","P4","1","Polissemia","Sentido 2"
"S6","2348","a","P5","1","Polissemia","Sentido 1"
"S6","2845","a","P6","1","Polissemia","Sentido 1"
"S21","2220","a","H1","1","Homonimia","Sentido 1"
"S21","2019","b","H2","1","Homonimia","Sentido 2"
"S21","2845","c","H3","1","Homonimia","ambos"
"S21","2560","b","H4","1","Homonimia","Sentido 2"
"S21","1508","b","H5","1","Homonimia","Sentido 2"
"S21","2482","d","H6","1","Homonimia","nenhum"
"S21","5627","c","P1","1","Polissemia","ambos"
"S21","5084","a","P2","1","Polissemia","Sentido 1"
"S21","2483","c","P3","1","Polissemia","ambos"
"S21","4058","b","P4","1","Polissemia","Sentido 2"
"S21","2383","c","P5","1","Polissemia","ambos"
"S21","3800","a","P6","1","Polissemia","Sentido 1"
"S26","2951","c","H1","1","Homonimia","ambos"
"S26","2435","c","H2","1","Homonimia","ambos"
"S26","2335","b","H3","1","Homonimia","Sentido 2"
"S26","2957","b","H4","1","Homonimia","Sentido 2"
"S26","1969","b","H5","1","Homonimia","Sentido 2"
"S26","1463","d","H6","1","Homonimia","nenhum"
"S26","1568","a","P1","1","Polissemia","Sentido 1"
"S26","2537","a","P2","1","Polissemia","Sentido 1"
"S26","3082","b","P3","1","Polissemia","Sentido 2"
"S26","2783","b","P4","1","Polissemia","Sentido 2"
"S26","2345","a","P5","1","Polissemia","Sentido 1"
"S26","1983","b","P6","1","Polissemia","Sentido 2"
"S1","2946","a","H1","1","Homonimia","Sentido 1"
"S1","1580","a","H2","1","Homonimia","Sentido 1"
"S1","3046","d","H3","1","Homonimia","nenhum"
"S1","1410","a","H4","1","Homonimia","Sentido 1"
"S1","2684","a","H5","1","Homonimia","Sentido 1"
"S1","1809","d","H6","1","Homonimia","nenhum"
"S1","8766","b","P1","1","Polissemia","Sentido 2"
"S1","2272","d","P2","1","Polissemia","nenhum"
"S1","1949","a","P3","1","Polissemia","Sentido 1"
"S1","2228","a","P4","1","Polissemia","Sentido 1"
"S1","1663","a","P5","1","Polissemia","Sentido 1"
"S1","2408","b","P6","1","Polissemia","Sentido 2"
"S8","725","a","H1","2","Homonimia","Sentido 1"
"S8","966","b","H2","2","Homonimia","Sentido 2"
"S8","1087","c","H3","2","Homonimia","ambos"
"S8","699","b","H4","2","Homonimia","Sentido 2"
"S8","1882","c","H5","2","Homonimia","ambos"
"S8","2628","b","H6","2","Homonimia","Sentido 2"
"S8","862","c","P1","2","Polissemia","ambos"
"S8","1397","a","P2","2","Polissemia","Sentido 1"
"S8","1960","b","P3","2","Polissemia","Sentido 2"
"S8","1189","c","P4","2","Polissemia","ambos"
"S8","1218","c","P5","2","Polissemia","ambos"
"S8","1250","b","P6","2","Polissemia","Sentido 2"
"S32","1484","b","H1","2","Homonimia","Sentido 2"
"S32","1039","b","H2","2","Homonimia","Sentido 2"
"S32","1081","b","H3","2","Homonimia","Sentido 2"
"S32","1219","a","H4","2","Homonimia","Sentido 1"
"S32","1826","b","H5","2","Homonimia","Sentido 2"
"S32","1526","d","H6","2","Homonimia","nenhum"
"S32","897","a","P1","2","Polissemia","Sentido 1"
"S32","730","d","P2","2","Polissemia","nenhum"
"S32","1257","b","P3","2","Polissemia","Sentido 2"
"S32","706","b","P4","2","Polissemia","Sentido 2"
"S32","711","a","P5","2","Polissemia","Sentido 1"
"S32","1168","b","P6","2","Polissemia","Sentido 2"
"S18","2189","c","H1","2","Homonimia","ambos"
"S18","1463","b","H2","2","Homonimia","Sentido 2"
"S18","1671","a","H3","2","Homonimia","Sentido 1"
"S18","1704","b","H4","2","Homonimia","Sentido 2"
"S18","1250","b","H5","2","Homonimia","Sentido 2"
"S18","1691","c","H6","2","Homonimia","ambos"
"S18","1967","a","P1","2","Polissemia","Sentido 1"
"S18","1327","a","P2","2","Polissemia","Sentido 1"
"S18","1362","b","P3","2","Polissemia","Sentido 2"
"S18","1305","b","P4","2","Polissemia","Sentido 2"
"S18","1033","a","P5","2","Polissemia","Sentido 1"
"S18","3122","b","P6","2","Polissemia","Sentido 2"
"S3","2829","a","H1","2","Homonimia","Sentido 1"
"S3","3181","b","H2","2","Homonimia","Sentido 2"
"S3","1797","a","H3","2","Homonimia","Sentido 1"
"S3","2549","b","H4","2","Homonimia","Sentido 2"
"S3","1600","b","H5","2","Homonimia","Sentido 2"
"S3","2030","b","H6","2","Homonimia","Sentido 2"
"S3","2348","d","P1","2","Polissemia","nenhum"
"S3","1623","a","P2","2","Polissemia","Sentido 1"
"S3","2490","b","P3","2","Polissemia","Sentido 2"
"S3","1664","b","P4","2","Polissemia","Sentido 2"
"S3","2250","a","P5","2","Polissemia","Sentido 1"
"S3","1345","b","P6","2","Polissemia","Sentido 2"
"S23","2318","a","H1","2","Homonimia","Sentido 1"
"S23","1040","a","H2","2","Homonimia","Sentido 1"
"S23","733","b","H3","2","Homonimia","Sentido 2"
"S23","1186","d","H4","2","Homonimia","nenhum"
"S23","1123","b","H5","2","Homonimia","Sentido 2"
"S23","679","d","H6","2","Homonimia","nenhum"
"S23","1069","a","P1","2","Polissemia","Sentido 1"
"S23","1094","a","P2","2","Polissemia","Sentido 1"
"S23","1167","b","P3","2","Polissemia","Sentido 2"
"S23","1157","b","P4","2","Polissemia","Sentido 2"
"S23","981","a","P5","2","Polissemia","Sentido 1"
"S23","2693","b","P6","2","Polissemia","Sentido 2"
"S34","1938","b","H1","2","Homonimia","Sentido 2"
"S34","1047","b","H2","2","Homonimia","Sentido 2"
"S34","1308","a","H3","2","Homonimia","Sentido 1"
"S34","2406","b","H4","2","Homonimia","Sentido 2"
"S34","3220","b","H5","2","Homonimia","Sentido 2"
"S34","1024","b","H6","2","Homonimia","Sentido 2"
"S34","1086","a","P1","2","Polissemia","Sentido 1"
"S34","1036","a","P2","2","Polissemia","Sentido 1"
"S34","1508","b","P3","2","Polissemia","Sentido 2"
"S34","1264","b","P4","2","Polissemia","Sentido 2"
"S34","1139","a","P5","2","Polissemia","Sentido 1"
"S34","2647","b","P6","2","Polissemia","Sentido 2"
"S19","1919","a","H1","2","Homonimia","Sentido 1"
"S19","1766","a","H2","2","Homonimia","Sentido 1"
"S19","1210","a","H3","2","Homonimia","Sentido 1"
"S19","2627","b","H4","2","Homonimia","Sentido 2"
"S19","2707","b","H5","2","Homonimia","Sentido 2"
"S19","1831","b","H6","2","Homonimia","Sentido 2"
"S19","1015","a","P1","2","Polissemia","Sentido 1"
"S19","2115","a","P2","2","Polissemia","Sentido 1"
"S19","2123","b","P3","2","Polissemia","Sentido 2"
"S19","2005","b","P4","2","Polissemia","Sentido 2"
"S19","1967","a","P5","2","Polissemia","Sentido 1"
"S19","1724","b","P6","2","Polissemia","Sentido 2"
"S15","1683","a","H1","2","Homonimia","Sentido 1"
"S15","2833","b","H2","2","Homonimia","Sentido 2"
"S15","1433","a","H3","2","Homonimia","Sentido 1"
"S15","2162","c","H4","2","Homonimia","ambos"
"S15","1690","b","H5","2","Homonimia","Sentido 2"
"S15","2517","a","H6","2","Homonimia","Sentido 1"
"S15","2864","b","P1","2","Polissemia","Sentido 2"
"S15","1368","d","P2","2","Polissemia","nenhum"
"S15","1792","b","P3","2","Polissemia","Sentido 2"
"S15","1813","b","P4","2","Polissemia","Sentido 2"
"S15","1349","a","P5","2","Polissemia","Sentido 1"
"S15","1387","a","P6","2","Polissemia","Sentido 1"
"S14","2137","b","H1","2","Homonimia","Sentido 2"
"S14","1500","a","H2","2","Homonimia","Sentido 1"
"S14","2308","a","H3","2","Homonimia","Sentido 1"
"S14","1937","a","H4","2","Homonimia","Sentido 1"
"S14","1422","b","H5","2","Homonimia","Sentido 2"
"S14","2169","b","H6","2","Homonimia","Sentido 2"
"S14","3996","a","P1","2","Polissemia","Sentido 1"
"S14","4160","a","P2","2","Polissemia","Sentido 1"
"S14","1541","a","P3","2","Polissemia","Sentido 1"
"S14","1866","b","P4","2","Polissemia","Sentido 2"
"S14","1684","a","P5","2","Polissemia","Sentido 1"
"S14","2717","b","P6","2","Polissemia","Sentido 2"
"S12","1703","c","H1","2","Homonimia","ambos"
"S12","1528","c","H2","2","Homonimia","ambos"
"S12","1454","c","H3","2","Homonimia","ambos"
"S12","1216","b","H4","2","Homonimia","Sentido 2"
"S12","2036","c","H5","2","Homonimia","ambos"
"S12","1246","b","H6","2","Homonimia","Sentido 2"
"S12","1854","d","P1","2","Polissemia","nenhum"
"S12","1268","a","P2","2","Polissemia","Sentido 1"
"S12","1133","c","P3","2","Polissemia","ambos"
"S12","1068","b","P4","2","Polissemia","Sentido 2"
"S12","1125","a","P5","2","Polissemia","Sentido 1"
"S12","1177","b","P6","2","Polissemia","Sentido 2"
"S11","3870","b","H1","2","Homonimia","Sentido 2"
"S11","1029","a","H2","2","Homonimia","Sentido 1"
"S11","2538","b","H3","2","Homonimia","Sentido 2"
"S11","2179","b","H4","2","Homonimia","Sentido 2"
"S11","1120","b","H5","2","Homonimia","Sentido 2"
"S11","1295","b","H6","2","Homonimia","Sentido 2"
"S11","1835","b","P1","2","Polissemia","Sentido 2"
"S11","3086","a","P2","2","Polissemia","Sentido 1"
"S11","1149","b","P3","2","Polissemia","Sentido 2"
"S11","1050","b","P4","2","Polissemia","Sentido 2"
"S11","1632","a","P5","2","Polissemia","Sentido 1"
"S11","1830","b","P6","2","Polissemia","Sentido 2"
"S36","1298","a","H1","2","Homonimia","Sentido 1"
"S36","970","b","H2","2","Homonimia","Sentido 2"
"S36","1160","a","H3","2","Homonimia","Sentido 1"
"S36","1848","b","H4","2","Homonimia","Sentido 2"
"S36","1556","b","H5","2","Homonimia","Sentido 2"
"S36","1336","a","H6","2","Homonimia","Sentido 1"
"S36","1369","a","P1","2","Polissemia","Sentido 1"
"S36","914","a","P2","2","Polissemia","Sentido 1"
"S36","1099","b","P3","2","Polissemia","Sentido 2"
"S36","1252","b","P4","2","Polissemia","Sentido 2"
"S36","1249","a","P5","2","Polissemia","Sentido 1"
"S36","1748","a","P6","2","Polissemia","Sentido 1"
"S22","2032","c","H1","2","Homonimia","ambos"
"S22","2785","b","H2","2","Homonimia","Sentido 2"
"S22","2399","a","H3","2","Homonimia","Sentido 1"
"S22","1435","a","H4","2","Homonimia","Sentido 1"
"S22","1582","b","H5","2","Homonimia","Sentido 2"
"S22","2333","b","H6","2","Homonimia","Sentido 2"
"S22","2215","a","P1","2","Polissemia","Sentido 1"
"S22","1617","a","P2","2","Polissemia","Sentido 1"
"S22","1700","b","P3","2","Polissemia","Sentido 2"
"S22","1182","b","P4","2","Polissemia","Sentido 2"
"S22","1251","a","P5","2","Polissemia","Sentido 1"
"S22","2618","b","P6","2","Polissemia","Sentido 2"
"S9","2522","d","H1","2","Homonimia","nenhum"
"S9","784","a","H2","2","Homonimia","Sentido 1"
"S9","1041","b","H3","2","Homonimia","Sentido 2"
"S9","792","b","H4","2","Homonimia","Sentido 2"
"S9","976","b","H5","2","Homonimia","Sentido 2"
"S9","816","a","H6","2","Homonimia","Sentido 1"
"S9","4697","a","P1","2","Polissemia","Sentido 1"
"S9","2544","b","P2","2","Polissemia","Sentido 2"
"S9","840","b","P3","2","Polissemia","Sentido 2"
"S9","703","b","P4","2","Polissemia","Sentido 2"
"S9","6629","a","P5","2","Polissemia","Sentido 1"
"S9","1511","b","P6","2","Polissemia","Sentido 2"
"S39","1338","b","H1","2","Homonimia","Sentido 2"
"S39","1440","a","H2","2","Homonimia","Sentido 1"
"S39","1167","c","H3","2","Homonimia","ambos"
"S39","1108","a","H4","2","Homonimia","Sentido 1"
"S39","1570","a","H5","2","Homonimia","Sentido 1"
"S39","1201","b","H6","2","Homonimia","Sentido 2"
"S39","1557","a","P1","2","Polissemia","Sentido 1"
"S39","1317","a","P2","2","Polissemia","Sentido 1"
"S39","1591","a","P3","2","Polissemia","Sentido 1"
"S39","1013","b","P4","2","Polissemia","Sentido 2"
"S39","1152","a","P5","2","Polissemia","Sentido 1"
"S39","1121","b","P6","2","Polissemia","Sentido 2"
"S31","3582","a","H1","2","Homonimia","Sentido 1"
"S31","2835","a","H2","2","Homonimia","Sentido 1"
"S31","2133","a","H3","2","Homonimia","Sentido 1"
"S31","1500","b","H4","2","Homonimia","Sentido 2"
"S31","1132","b","H5","2","Homonimia","Sentido 2"
"S31","1750","b","H6","2","Homonimia","Sentido 2"
"S31","1285","a","P1","2","Polissemia","Sentido 1"
"S31","1174","d","P2","2","Polissemia","nenhum"
"S31","1069","a","P3","2","Polissemia","Sentido 1"
"S31","2236","b","P4","2","Polissemia","Sentido 2"
"S31","1184","a","P5","2","Polissemia","Sentido 1"
"S31","1801","b","P6","2","Polissemia","Sentido 2"
"S27","1941","c","H1","2","Homonimia","ambos"
"S27","1106","b","H2","2","Homonimia","Sentido 2"
"S27","1051","a","H3","2","Homonimia","Sentido 1"
"S27","1312","b","H4","2","Homonimia","Sentido 2"
"S27","999","b","H5","2","Homonimia","Sentido 2"
"S27","1295","b","H6","2","Homonimia","Sentido 2"
"S27","1095","a","P1","2","Polissemia","Sentido 1"
"S27","3174","a","P2","2","Polissemia","Sentido 1"
"S27","1252","c","P3","2","Polissemia","ambos"
"S27","1504","c","P4","2","Polissemia","ambos"
"S27","1571","a","P5","2","Polissemia","Sentido 1"
"S27","1154","c","P6","2","Polissemia","ambos"
"S35","779","a","H1","2","Homonimia","Sentido 1"
"S35","2400","a","H2","2","Homonimia","Sentido 1"
"S35","835","b","H3","2","Homonimia","Sentido 2"
"S35","963","a","H4","2","Homonimia","Sentido 1"
"S35","660","c","H5","2","Homonimia","ambos"
"S35","3332","a","H6","2","Homonimia","Sentido 1"
"S35","1564","d","P1","2","Polissemia","nenhum"
"S35","1206","a","P2","2","Polissemia","Sentido 1"
"S35","1931","a","P3","2","Polissemia","Sentido 1"
"S35","764","b","P4","2","Polissemia","Sentido 2"
"S35","1885","a","P5","2","Polissemia","Sentido 1"
"S35","765","a","P6","2","Polissemia","Sentido 1"
"S13","1358","b","H1","2","Homonimia","Sentido 2"
"S13","2389","a","H2","2","Homonimia","Sentido 1"
"S13","1402","b","H3","2","Homonimia","Sentido 2"
"S13","2070","c","H4","2","Homonimia","ambos"
"S13","1017","b","H5","2","Homonimia","Sentido 2"
"S13","2218","b","H6","2","Homonimia","Sentido 2"
"S13","1250","d","P1","2","Polissemia","nenhum"
"S13","2031","d","P2","2","Polissemia","nenhum"
"S13","2272","b","P3","2","Polissemia","Sentido 2"
"S13","2499","b","P4","2","Polissemia","Sentido 2"
"S13","1875","a","P5","2","Polissemia","Sentido 1"
"S13","1182","b","P6","2","Polissemia","Sentido 2"
"S24","2220","a","H1","2","Homonimia","Sentido 1"
"S24","800","b","H2","2","Homonimia","Sentido 2"
"S24","2845","c","H3","2","Homonimia","ambos"
"S24","1956","a","H4","2","Homonimia","Sentido 1"
"S24","962","b","H5","2","Homonimia","Sentido 2"
"S24","1860","d","H6","2","Homonimia","nenhum"
"S24","3202","a","P1","2","Polissemia","Sentido 1"
"S24","1008","a","P2","2","Polissemia","Sentido 1"
"S24","857","b","P3","2","Polissemia","Sentido 2"
"S24","1126","b","P4","2","Polissemia","Sentido 2"
"S24","750","a","P5","2","Polissemia","Sentido 1"
"S24","1004","b","P6","2","Polissemia","Sentido 2"
