"Participant","Item","Nome_tipo","Estrutura","Condition","Area","TFD","logTFD"
"S1P1",110,"Nproprio","Gapping","GPN","N2",710,6.56526497003536
"S1P1",420,"Ncomum","Gapping","GN","N2",1840,7.51752085060303
"S1P1",510,"Nproprio","Gapping","GPN","N2",420,6.04025471127741
"S1P1",820,"Ncomum","Gapping","GN","N2",2930,7.98275770201111
"S1P1",910,"Nproprio","Gapping","GPN","N2",460,6.13122648948314
"S1P1",1220,"Ncomum","Gapping","GN","N2",1750,7.46737106691756
"S1P1",1310,"Nproprio","Gapping","GPN","N2",1650,7.40853056689463
"S1P1",1620,"Ncomum","Gapping","GN","N2",2120,7.65917136766606
"S1P1",1040,"Ncomum","Nongapping","NGN","N2",640,6.46146817635372
"S1P1",1440,"Ncomum","Nongapping","NGN","N2",510,6.23441072571837
"S1P1",240,"Ncomum","Nongapping","NGN","N2",610,6.41345895716736
"S1P1",640,"Ncomum","Nongapping","NGN","N2",300,5.7037824746562
"S1P1",1130,"Nproprio","Nongapping","NGPN","N2",660,6.49223983502047
"S1P1",1530,"Nproprio","Nongapping","NGPN","N2",2980,7.99967857949945
"S1P1",330,"Nproprio","Nongapping","NGPN","N2",830,6.72142570079064
"S1P1",730,"Nproprio","Nongapping","NGPN","N2",950,6.85646198459459
"S1P2",110,"Nproprio","Gapping","GPN","N2",1100,7.00306545878646
"S1P2",420,"Ncomum","Gapping","GN","N2",920,6.82437367004309
"S1P2",510,"Nproprio","Gapping","GPN","N2",1790,7.4899708988348
"S1P2",820,"Ncomum","Gapping","GN","N2",2050,7.62559507213245
"S1P2",910,"Nproprio","Gapping","GPN","N2",640,6.46146817635372
"S1P2",1220,"Ncomum","Gapping","GN","N2",1020,6.92755790627832
"S1P2",1310,"Nproprio","Gapping","GPN","N2",2230,7.70975686445416
"S1P2",1620,"Ncomum","Gapping","GN","N2",2730,7.91205688817901
"S1P2",1040,"Ncomum","Nongapping","NGN","N2",1390,7.23705902612474
"S1P2",1440,"Ncomum","Nongapping","NGN","N2",1570,7.35883089834235
"S1P2",240,"Ncomum","Nongapping","NGN","N2",730,6.59304453414244
"S1P2",640,"Ncomum","Nongapping","NGN","N2",550,6.30991827822652
"S1P2",1130,"Nproprio","Nongapping","NGPN","N2",1580,7.36518012602101
"S1P2",1530,"Nproprio","Nongapping","NGPN","N2",1710,7.44424864949671
"S1P2",330,"Nproprio","Nongapping","NGPN","N2",700,6.5510803350434
"S1P2",730,"Nproprio","Nongapping","NGPN","N2",1390,7.23705902612474
"S1P3",110,"Nproprio","Gapping","GPN","N2",270,5.59842195899838
"S1P3",420,"Ncomum","Gapping","GN","N2",680,6.52209279817015
"S1P3",510,"Nproprio","Gapping","GPN","N2",400,5.99146454710798
"S1P3",820,"Ncomum","Gapping","GN","N2",1030,6.93731408122368
"S1P3",910,"Nproprio","Gapping","GPN","N2",660,6.49223983502047
"S1P3",1220,"Ncomum","Gapping","GN","N2",740,6.60665018619822
"S1P3",1310,"Nproprio","Gapping","GPN","N2",490,6.19440539110467
"S1P3",1620,"Ncomum","Gapping","GN","N2",200,5.29831736654804
"S1P3",1040,"Ncomum","Nongapping","NGN","N2",480,6.17378610390194
"S1P3",1440,"Ncomum","Nongapping","NGN","N2",260,5.56068163101553
"S1P3",240,"Ncomum","Nongapping","NGN","N2",440,6.08677472691231
"S1P3",640,"Ncomum","Nongapping","NGN","N2",440,6.08677472691231
"S1P3",1130,"Nproprio","Nongapping","NGPN","N2",320,5.76832099579377
"S1P3",1530,"Nproprio","Nongapping","NGPN","N2",660,6.49223983502047
"S1P3",330,"Nproprio","Nongapping","NGPN","N2",570,6.3456363608286
"S1P3",730,"Nproprio","Nongapping","NGPN","N2",420,6.04025471127741
"S1P4",110,"Nproprio","Gapping","GPN","N2",650,6.47697236288968
"S1P4",420,"Ncomum","Gapping","GN","N2",1060,6.96602418710611
"S1P4",510,"Nproprio","Gapping","GPN","N2",1210,7.09837563859079
"S1P4",820,"Ncomum","Gapping","GN","N2",1080,6.98471632011827
"S1P4",910,"Nproprio","Gapping","GPN","N2",860,6.75693238924755
"S1P4",1220,"Ncomum","Gapping","GN","N2",830,6.72142570079064
"S1P4",1310,"Nproprio","Gapping","GPN","N2",880,6.77992190747225
"S1P4",1620,"Ncomum","Gapping","GN","N2",830,6.72142570079064
"S1P4",1040,"Ncomum","Nongapping","NGN","N2",770,6.64639051484773
"S1P4",1440,"Ncomum","Nongapping","NGN","N2",1020,6.92755790627832
"S1P4",240,"Ncomum","Nongapping","NGN","N2",600,6.39692965521615
"S1P4",640,"Ncomum","Nongapping","NGN","N2",900,6.80239476332431
"S1P4",1130,"Nproprio","Nongapping","NGPN","N2",700,6.5510803350434
"S1P4",1530,"Nproprio","Nongapping","NGPN","N2",1420,7.25841215059531
"S1P4",330,"Nproprio","Nongapping","NGPN","N2",790,6.67203294546107
"S1P4",730,"Nproprio","Nongapping","NGPN","N2",1020,6.92755790627832
"S1P6",110,"Nproprio","Gapping","GPN","N2",270,5.59842195899838
"S1P6",420,"Ncomum","Gapping","GN","N2",950,6.85646198459459
"S1P6",510,"Nproprio","Gapping","GPN","N2",1000,6.90775527898214
"S1P6",820,"Ncomum","Gapping","GN","N2",310,5.73657229747919
"S1P6",910,"Nproprio","Gapping","GPN","N2",780,6.65929391968364
"S1P6",1220,"Ncomum","Gapping","GN","N2",540,6.29156913955832
"S1P6",1310,"Nproprio","Gapping","GPN","N2",250,5.52146091786225
"S1P6",1620,"Ncomum","Gapping","GN","N2",750,6.62007320653036
"S1P6",1040,"Ncomum","Nongapping","NGN","N2",210,5.34710753071747
"S1P6",1440,"Ncomum","Nongapping","NGN","N2",510,6.23441072571837
"S1P6",240,"Ncomum","Nongapping","NGN","N2",210,5.34710753071747
"S1P6",640,"Ncomum","Nongapping","NGN","N2",350,5.85793315448346
"S1P6",1130,"Nproprio","Nongapping","NGPN","N2",260,5.56068163101553
"S1P6",1530,"Nproprio","Nongapping","NGPN","N2",480,6.17378610390194
"S1P6",330,"Nproprio","Nongapping","NGPN","N2",770,6.64639051484773
"S1P6",730,"Nproprio","Nongapping","NGPN","N2",890,6.79122146272619
"S1P7",110,"Nproprio","Gapping","GPN","N2",2060,7.63046126178363
"S1P7",420,"Ncomum","Gapping","GN","N2",1370,7.22256601882217
"S1P7",510,"Nproprio","Gapping","GPN","N2",550,6.30991827822652
"S1P7",820,"Ncomum","Gapping","GN","N2",1030,6.93731408122368
"S1P7",910,"Nproprio","Gapping","GPN","N2",1630,7.39633529380081
"S1P7",1220,"Ncomum","Gapping","GN","N2",380,5.94017125272043
"S1P7",1310,"Nproprio","Gapping","GPN","N2",2300,7.74066440191724
"S1P7",1620,"Ncomum","Gapping","GN","N2",1150,7.0475172213573
"S1P7",1040,"Ncomum","Nongapping","NGN","N2",1070,6.97541392745595
"S1P7",1440,"Ncomum","Nongapping","NGN","N2",570,6.3456363608286
"S1P7",240,"Ncomum","Nongapping","NGN","N2",520,6.25382881157547
"S1P7",640,"Ncomum","Nongapping","NGN","N2",290,5.66988092298052
"S1P7",1130,"Nproprio","Nongapping","NGPN","N2",1440,7.27239839257005
"S1P7",1530,"Nproprio","Nongapping","NGPN","N2",1470,7.29301767977278
"S1P7",330,"Nproprio","Nongapping","NGPN","N2",1010,6.9177056098353
"S1P7",730,"Nproprio","Nongapping","NGPN","N2",1090,6.99393297522319
"S2P1",120,"Ncomum","Gapping","GN","N2",680,6.52209279817015
"S2P1",210,"Nproprio","Gapping","GPN","N2",850,6.74523634948436
"S2P1",520,"Ncomum","Gapping","GN","N2",250,5.52146091786225
"S2P1",610,"Nproprio","Gapping","GPN","N2",1150,7.0475172213573
"S2P1",920,"Ncomum","Gapping","GN","N2",900,6.80239476332431
"S2P1",1010,"Nproprio","Gapping","GPN","N2",1140,7.03878354138854
"S2P1",1320,"Ncomum","Gapping","GN","N2",2100,7.64969262371151
"S2P1",1410,"Nproprio","Gapping","GPN","N2",1090,6.99393297522319
"S2P1",1140,"Ncomum","Nongapping","NGN","N2",590,6.38012253689976
"S2P1",1540,"Ncomum","Nongapping","NGN","N2",700,6.5510803350434
"S2P1",340,"Ncomum","Nongapping","NGN","N2",970,6.87729607149743
"S2P1",740,"Ncomum","Nongapping","NGN","N2",1500,7.3132203870903
"S2P1",1230,"Nproprio","Nongapping","NGPN","N2",1320,7.18538701558042
"S2P1",1630,"Nproprio","Nongapping","NGPN","N2",490,6.19440539110467
"S2P1",430,"Nproprio","Nongapping","NGPN","N2",1030,6.93731408122368
"S2P1",830,"Nproprio","Nongapping","NGPN","N2",1000,6.90775527898214
"S2P3",120,"Ncomum","Gapping","GN","N2",1250,7.13089883029635
"S2P3",210,"Nproprio","Gapping","GPN","N2",2120,7.65917136766606
"S2P3",520,"Ncomum","Gapping","GN","N2",630,6.44571981938558
"S2P3",610,"Nproprio","Gapping","GPN","N2",3300,8.10167774745457
"S2P3",920,"Ncomum","Gapping","GN","N2",540,6.29156913955832
"S2P3",1010,"Nproprio","Gapping","GPN","N2",770,6.64639051484773
"S2P3",1320,"Ncomum","Gapping","GN","N2",2580,7.85554467791566
"S2P3",1410,"Nproprio","Gapping","GPN","N2",620,6.42971947803914
"S2P3",1140,"Ncomum","Nongapping","NGN","N2",680,6.52209279817015
"S2P3",1540,"Ncomum","Nongapping","NGN","N2",2030,7.61579107203583
"S2P3",340,"Ncomum","Nongapping","NGN","N2",2640,7.87853419614036
"S2P3",740,"Ncomum","Nongapping","NGN","N2",2080,7.64012317269536
"S2P3",1230,"Nproprio","Nongapping","NGPN","N2",570,6.3456363608286
"S2P3",1630,"Nproprio","Nongapping","NGPN","N2",750,6.62007320653036
"S2P3",430,"Nproprio","Nongapping","NGPN","N2",950,6.85646198459459
"S2P3",830,"Nproprio","Nongapping","NGPN","N2",770,6.64639051484773
"S2P4",120,"Ncomum","Gapping","GN","N2",1160,7.05617528410041
"S2P4",210,"Nproprio","Gapping","GPN","N2",930,6.8351845861473
"S2P4",520,"Ncomum","Gapping","GN","N2",1060,6.96602418710611
"S2P4",610,"Nproprio","Gapping","GPN","N2",880,6.77992190747225
"S2P4",920,"Ncomum","Gapping","GN","N2",600,6.39692965521615
"S2P4",1010,"Nproprio","Gapping","GPN","N2",1150,7.0475172213573
"S2P4",1320,"Ncomum","Gapping","GN","N2",1110,7.01211529430638
"S2P4",1410,"Nproprio","Gapping","GPN","N2",540,6.29156913955832
"S2P4",1140,"Ncomum","Nongapping","NGN","N2",530,6.27287700654617
"S2P4",1540,"Ncomum","Nongapping","NGN","N2",980,6.88755257166462
"S2P4",340,"Ncomum","Nongapping","NGN","N2",880,6.77992190747225
"S2P4",740,"Ncomum","Nongapping","NGN","N2",1660,7.41457288135059
"S2P4",1230,"Nproprio","Nongapping","NGPN","N2",650,6.47697236288968
"S2P4",1630,"Nproprio","Nongapping","NGPN","N2",400,5.99146454710798
"S2P4",430,"Nproprio","Nongapping","NGPN","N2",580,6.36302810354046
"S2P4",830,"Nproprio","Nongapping","NGPN","N2",240,5.48063892334199
"S2P5",120,"Ncomum","Gapping","GN","N2",1040,6.94697599213542
"S2P5",210,"Nproprio","Gapping","GPN","N2",1370,7.22256601882217
"S2P5",520,"Ncomum","Gapping","GN","N2",900,6.80239476332431
"S2P5",610,"Nproprio","Gapping","GPN","N2",1980,7.59085212368858
"S2P5",920,"Ncomum","Gapping","GN","N2",1800,7.49554194388426
"S2P5",1010,"Nproprio","Gapping","GPN","N2",1640,7.40245152081824
"S2P5",1320,"Ncomum","Gapping","GN","N2",540,6.29156913955832
"S2P5",1410,"Nproprio","Gapping","GPN","N2",1000,6.90775527898214
"S2P5",1140,"Ncomum","Nongapping","NGN","N2",950,6.85646198459459
"S2P5",1540,"Ncomum","Nongapping","NGN","N2",700,6.5510803350434
"S2P5",340,"Ncomum","Nongapping","NGN","N2",980,6.88755257166462
"S2P5",740,"Ncomum","Nongapping","NGN","N2",430,6.06378520868761
"S2P5",1230,"Nproprio","Nongapping","NGPN","N2",430,6.06378520868761
"S2P5",1630,"Nproprio","Nongapping","NGPN","N2",410,6.01615715969835
"S2P5",430,"Nproprio","Nongapping","NGPN","N2",1530,7.33302301438648
"S2P5",830,"Nproprio","Nongapping","NGPN","N2",400,5.99146454710798
"S2P6",120,"Ncomum","Gapping","GN","N2",2850,7.9550742732627
"S2P6",210,"Nproprio","Gapping","GPN","N2",1690,7.43248380791712
"S2P6",520,"Ncomum","Gapping","GN","N2",1700,7.43838353004431
"S2P6",610,"Nproprio","Gapping","GPN","N2",1790,7.4899708988348
"S2P6",920,"Ncomum","Gapping","GN","N2",700,6.5510803350434
"S2P6",1010,"Nproprio","Gapping","GPN","N2",1090,6.99393297522319
"S2P6",1320,"Ncomum","Gapping","GN","N2",1300,7.17011954344963
"S2P6",1410,"Nproprio","Gapping","GPN","N2",1070,6.97541392745595
"S2P6",1140,"Ncomum","Nongapping","NGN","N2",1270,7.14677217945264
"S2P6",1540,"Ncomum","Nongapping","NGN","N2",1810,7.50108212425987
"S2P6",340,"Ncomum","Nongapping","NGN","N2",1300,7.17011954344963
"S2P6",740,"Ncomum","Nongapping","NGN","N2",3090,8.03592636989179
"S2P6",1230,"Nproprio","Nongapping","NGPN","N2",1250,7.13089883029635
"S2P6",1630,"Nproprio","Nongapping","NGPN","N2",1170,7.0647590277918
"S2P6",430,"Nproprio","Nongapping","NGPN","N2",820,6.7093043402583
"S2P6",830,"Nproprio","Nongapping","NGPN","N2",1200,7.09007683577609
"S2P7",120,"Ncomum","Gapping","GN","N2",1680,7.4265490723973
"S2P7",210,"Nproprio","Gapping","GPN","N2",960,6.86693328446188
"S2P7",520,"Ncomum","Gapping","GN","N2",980,6.88755257166462
"S2P7",610,"Nproprio","Gapping","GPN","N2",1690,7.43248380791712
"S2P7",920,"Ncomum","Gapping","GN","N2",490,6.19440539110467
"S2P7",1010,"Nproprio","Gapping","GPN","N2",980,6.88755257166462
"S2P7",1320,"Ncomum","Gapping","GN","N2",1300,7.17011954344963
"S2P7",1410,"Nproprio","Gapping","GPN","N2",860,6.75693238924755
"S2P7",1140,"Ncomum","Nongapping","NGN","N2",1040,6.94697599213542
"S2P7",1540,"Ncomum","Nongapping","NGN","N2",1710,7.44424864949671
"S2P7",340,"Ncomum","Nongapping","NGN","N2",1050,6.95654544315157
"S2P7",740,"Ncomum","Nongapping","NGN","N2",710,6.56526497003536
"S2P7",1230,"Nproprio","Nongapping","NGPN","N2",980,6.88755257166462
"S2P7",1630,"Nproprio","Nongapping","NGPN","N2",590,6.38012253689976
"S2P7",430,"Nproprio","Nongapping","NGPN","N2",700,6.5510803350434
"S2P7",830,"Nproprio","Nongapping","NGPN","N2",460,6.13122648948314
"S3P1",220,"Ncomum","Gapping","GN","N2",2490,7.82003798945875
"S3P1",310,"Nproprio","Gapping","GPN","N2",1230,7.11476944836646
"S3P1",620,"Ncomum","Gapping","GN","N2",2900,7.97246601597457
"S3P1",710,"Nproprio","Gapping","GPN","N2",1470,7.29301767977278
"S3P1",1020,"Ncomum","Gapping","GN","N2",2200,7.69621263934641
"S3P1",1110,"Nproprio","Gapping","GPN","N2",530,6.27287700654617
"S3P1",1420,"Ncomum","Gapping","GN","N2",950,6.85646198459459
"S3P1",1510,"Nproprio","Gapping","GPN","N2",440,6.08677472691231
"S3P1",1240,"Ncomum","Nongapping","NGN","N2",680,6.52209279817015
"S3P1",1640,"Ncomum","Nongapping","NGN","N2",710,6.56526497003536
"S3P1",440,"Ncomum","Nongapping","NGN","N2",950,6.85646198459459
"S3P1",840,"Ncomum","Nongapping","NGN","N2",700,6.5510803350434
"S3P1",130,"Nproprio","Nongapping","NGPN","N2",590,6.38012253689976
"S3P1",1330,"Nproprio","Nongapping","NGPN","N2",760,6.63331843328038
"S3P1",530,"Nproprio","Nongapping","NGPN","N2",2130,7.66387725870347
"S3P1",930,"Nproprio","Nongapping","NGPN","N2",1350,7.20785987143248
"S3P2",220,"Ncomum","Gapping","GN","N2",760,6.63331843328038
"S3P2",310,"Nproprio","Gapping","GPN","N2",630,6.44571981938558
"S3P2",620,"Ncomum","Gapping","GN","N2",790,6.67203294546107
"S3P2",710,"Nproprio","Gapping","GPN","N2",510,6.23441072571837
"S3P2",1020,"Ncomum","Gapping","GN","N2",200,5.29831736654804
"S3P2",1110,"Nproprio","Gapping","GPN","N2",460,6.13122648948314
"S3P2",1420,"Ncomum","Gapping","GN","N2",620,6.42971947803914
"S3P2",1510,"Nproprio","Gapping","GPN","N2",1980,7.59085212368858
"S3P2",1240,"Ncomum","Nongapping","NGN","N2",240,5.48063892334199
"S3P2",1640,"Ncomum","Nongapping","NGN","N2",730,6.59304453414244
"S3P2",440,"Ncomum","Nongapping","NGN","N2",690,6.5366915975913
"S3P2",840,"Ncomum","Nongapping","NGN","N2",150,5.01063529409626
"S3P2",130,"Nproprio","Nongapping","NGPN","N2",410,6.01615715969835
"S3P2",1330,"Nproprio","Nongapping","NGPN","N2",760,6.63331843328038
"S3P2",530,"Nproprio","Nongapping","NGPN","N2",1040,6.94697599213542
"S3P2",930,"Nproprio","Nongapping","NGPN","N2",220,5.39362754635236
"S3P4",220,"Ncomum","Gapping","GN","N2",1160,7.05617528410041
"S3P4",310,"Nproprio","Gapping","GPN","N2",820,6.7093043402583
"S3P4",620,"Ncomum","Gapping","GN","N2",410,6.01615715969835
"S3P4",710,"Nproprio","Gapping","GPN","N2",440,6.08677472691231
"S3P4",1020,"Ncomum","Gapping","GN","N2",1030,6.93731408122368
"S3P4",1110,"Nproprio","Gapping","GPN","N2",190,5.24702407216049
"S3P4",1420,"Ncomum","Gapping","GN","N2",740,6.60665018619822
"S3P4",1510,"Nproprio","Gapping","GPN","N2",620,6.42971947803914
"S3P4",1240,"Ncomum","Nongapping","NGN","N2",830,6.72142570079064
"S3P4",1640,"Ncomum","Nongapping","NGN","N2",410,6.01615715969835
"S3P4",440,"Ncomum","Nongapping","NGN","N2",260,5.56068163101553
"S3P4",840,"Ncomum","Nongapping","NGN","N2",610,6.41345895716736
"S3P4",130,"Nproprio","Nongapping","NGPN","N2",440,6.08677472691231
"S3P4",1330,"Nproprio","Nongapping","NGPN","N2",500,6.21460809842219
"S3P4",530,"Nproprio","Nongapping","NGPN","N2",250,5.52146091786225
"S3P4",930,"Nproprio","Nongapping","NGPN","N2",480,6.17378610390194
"S3P5",220,"Ncomum","Gapping","GN","N2",1420,7.25841215059531
"S3P5",310,"Nproprio","Gapping","GPN","N2",1310,7.1777824161952
"S3P5",620,"Ncomum","Gapping","GN","N2",940,6.84587987526405
"S3P5",710,"Nproprio","Gapping","GPN","N2",1440,7.27239839257005
"S3P5",1020,"Ncomum","Gapping","GN","N2",1330,7.1929342212158
"S3P5",1110,"Nproprio","Gapping","GPN","N2",770,6.64639051484773
"S3P5",1420,"Ncomum","Gapping","GN","N2",2300,7.74066440191724
"S3P5",1510,"Nproprio","Gapping","GPN","N2",1430,7.26542972325395
"S3P5",1240,"Ncomum","Nongapping","NGN","N2",830,6.72142570079064
"S3P5",1640,"Ncomum","Nongapping","NGN","N2",1340,7.20042489294496
"S3P5",440,"Ncomum","Nongapping","NGN","N2",650,6.47697236288968
"S3P5",840,"Ncomum","Nongapping","NGN","N2",1060,6.96602418710611
"S3P5",130,"Nproprio","Nongapping","NGPN","N2",1270,7.14677217945264
"S3P5",1330,"Nproprio","Nongapping","NGPN","N2",1240,7.12286665859908
"S3P5",530,"Nproprio","Nongapping","NGPN","N2",750,6.62007320653036
"S3P5",930,"Nproprio","Nongapping","NGPN","N2",1070,6.97541392745595
"S3P6",220,"Ncomum","Gapping","GN","N2",1380,7.22983877815125
"S3P6",310,"Nproprio","Gapping","GPN","N2",1430,7.26542972325395
"S3P6",620,"Ncomum","Gapping","GN","N2",1290,7.16239749735572
"S3P6",710,"Nproprio","Gapping","GPN","N2",650,6.47697236288968
"S3P6",1020,"Ncomum","Gapping","GN","N2",880,6.77992190747225
"S3P6",1110,"Nproprio","Gapping","GPN","N2",1710,7.44424864949671
"S3P6",1420,"Ncomum","Gapping","GN","N2",3410,8.13446757027756
"S3P6",1510,"Nproprio","Gapping","GPN","N2",1810,7.50108212425987
"S3P6",1240,"Ncomum","Nongapping","NGN","N2",520,6.25382881157547
"S3P6",1640,"Ncomum","Nongapping","NGN","N2",1360,7.2152399787301
"S3P6",440,"Ncomum","Nongapping","NGN","N2",320,5.76832099579377
"S3P6",840,"Ncomum","Nongapping","NGN","N2",880,6.77992190747225
"S3P6",130,"Nproprio","Nongapping","NGPN","N2",1630,7.39633529380081
"S3P6",1330,"Nproprio","Nongapping","NGPN","N2",780,6.65929391968364
"S3P6",530,"Nproprio","Nongapping","NGPN","N2",370,5.91350300563827
"S3P6",930,"Nproprio","Nongapping","NGPN","N2",610,6.41345895716736
"S3P7",220,"Ncomum","Gapping","GN","N2",1910,7.55485852104068
"S3P7",310,"Nproprio","Gapping","GPN","N2",1630,7.39633529380081
"S3P7",620,"Ncomum","Gapping","GN","N2",1770,7.47873482556787
"S3P7",710,"Nproprio","Gapping","GPN","N2",1010,6.9177056098353
"S3P7",1020,"Ncomum","Gapping","GN","N2",2420,7.79152281915073
"S3P7",1110,"Nproprio","Gapping","GPN","N2",2600,7.86326672400957
"S3P7",1420,"Ncomum","Gapping","GN","N2",2040,7.62070508683826
"S3P7",1510,"Nproprio","Gapping","GPN","N2",1720,7.4500795698075
"S3P7",1240,"Ncomum","Nongapping","NGN","N2",990,6.89770494312864
"S3P7",1640,"Ncomum","Nongapping","NGN","N2",1140,7.03878354138854
"S3P7",440,"Ncomum","Nongapping","NGN","N2",690,6.5366915975913
"S3P7",840,"Ncomum","Nongapping","NGN","N2",910,6.8134445995109
"S3P7",130,"Nproprio","Nongapping","NGPN","N2",1310,7.1777824161952
"S3P7",1330,"Nproprio","Nongapping","NGPN","N2",810,6.69703424766648
"S3P7",530,"Nproprio","Nongapping","NGPN","N2",2250,7.71868549519847
"S3P7",930,"Nproprio","Nongapping","NGPN","N2",1120,7.02108396428914
"S4P1",320,"Ncomum","Gapping","GN","N2",2230,7.70975686445416
"S4P1",410,"Nproprio","Gapping","GPN","N2",830,6.72142570079064
"S4P1",720,"Ncomum","Gapping","GN","N2",1630,7.39633529380081
"S4P1",810,"Nproprio","Gapping","GPN","N2",930,6.8351845861473
"S4P1",1120,"Ncomum","Gapping","GN","N2",1050,6.95654544315157
"S4P1",1210,"Nproprio","Gapping","GPN","N2",1350,7.20785987143248
"S4P1",1520,"Ncomum","Gapping","GN","N2",2770,7.92660259918138
"S4P1",1610,"Nproprio","Gapping","GPN","N2",2520,7.83201418050547
"S4P1",1340,"Ncomum","Nongapping","NGN","N2",960,6.86693328446188
"S4P1",140,"Ncomum","Nongapping","NGN","N2",1120,7.02108396428914
"S4P1",540,"Ncomum","Nongapping","NGN","N2",1110,7.01211529430638
"S4P1",940,"Ncomum","Nongapping","NGN","N2",650,6.47697236288968
"S4P1",1030,"Nproprio","Nongapping","NGPN","N2",660,6.49223983502047
"S4P1",1430,"Nproprio","Nongapping","NGPN","N2",1640,7.40245152081824
"S4P1",230,"Nproprio","Nongapping","NGPN","N2",230,5.4380793089232
"S4P1",630,"Nproprio","Nongapping","NGPN","N2",660,6.49223983502047
"S4P2",320,"Ncomum","Gapping","GN","N2",1170,7.0647590277918
"S4P2",410,"Nproprio","Gapping","GPN","N2",500,6.21460809842219
"S4P2",720,"Ncomum","Gapping","GN","N2",1480,7.29979736675816
"S4P2",810,"Nproprio","Gapping","GPN","N2",910,6.8134445995109
"S4P2",1120,"Ncomum","Gapping","GN","N2",460,6.13122648948314
"S4P2",1210,"Nproprio","Gapping","GPN","N2",910,6.8134445995109
"S4P2",1520,"Ncomum","Gapping","GN","N2",1550,7.34601020991329
"S4P2",1610,"Nproprio","Gapping","GPN","N2",1120,7.02108396428914
"S4P2",1340,"Ncomum","Nongapping","NGN","N2",470,6.1527326947041
"S4P2",140,"Ncomum","Nongapping","NGN","N2",570,6.3456363608286
"S4P2",540,"Ncomum","Nongapping","NGN","N2",1070,6.97541392745595
"S4P2",940,"Ncomum","Nongapping","NGN","N2",440,6.08677472691231
"S4P2",1030,"Nproprio","Nongapping","NGPN","N2",470,6.1527326947041
"S4P2",1430,"Nproprio","Nongapping","NGPN","N2",540,6.29156913955832
"S4P2",230,"Nproprio","Nongapping","NGPN","N2",720,6.5792512120101
"S4P2",630,"Nproprio","Nongapping","NGPN","N2",560,6.32793678372919
"S4P3",320,"Ncomum","Gapping","GN","N2",880,6.77992190747225
"S4P3",410,"Nproprio","Gapping","GPN","N2",1270,7.14677217945264
"S4P3",720,"Ncomum","Gapping","GN","N2",2360,7.76641689801966
"S4P3",810,"Nproprio","Gapping","GPN","N2",970,6.87729607149743
"S4P3",1120,"Ncomum","Gapping","GN","N2",440,6.08677472691231
"S4P3",1210,"Nproprio","Gapping","GPN","N2",760,6.63331843328038
"S4P3",1520,"Ncomum","Gapping","GN","N2",1320,7.18538701558042
"S4P3",1610,"Nproprio","Gapping","GPN","N2",2420,7.79152281915073
"S4P3",1340,"Ncomum","Nongapping","NGN","N2",790,6.67203294546107
"S4P3",140,"Ncomum","Nongapping","NGN","N2",650,6.47697236288968
"S4P3",540,"Ncomum","Nongapping","NGN","N2",220,5.39362754635236
"S4P3",940,"Ncomum","Nongapping","NGN","N2",640,6.46146817635372
"S4P3",1030,"Nproprio","Nongapping","NGPN","N2",860,6.75693238924755
"S4P3",1430,"Nproprio","Nongapping","NGPN","N2",1580,7.36518012602101
"S4P3",230,"Nproprio","Nongapping","NGPN","N2",1370,7.22256601882217
"S4P3",630,"Nproprio","Nongapping","NGPN","N2",610,6.41345895716736
"S4P5",320,"Ncomum","Gapping","GN","N2",1580,7.36518012602101
"S4P5",410,"Nproprio","Gapping","GPN","N2",530,6.27287700654617
"S4P5",720,"Ncomum","Gapping","GN","N2",910,6.8134445995109
"S4P5",810,"Nproprio","Gapping","GPN","N2",670,6.50727771238501
"S4P5",1120,"Ncomum","Gapping","GN","N2",2410,7.7873820264847
"S4P5",1210,"Nproprio","Gapping","GPN","N2",1700,7.43838353004431
"S4P5",1520,"Ncomum","Gapping","GN","N2",1280,7.15461535691366
"S4P5",1610,"Nproprio","Gapping","GPN","N2",2040,7.62070508683826
"S4P5",1340,"Ncomum","Nongapping","NGN","N2",1330,7.1929342212158
"S4P5",140,"Ncomum","Nongapping","NGN","N2",1400,7.24422751560335
"S4P5",540,"Ncomum","Nongapping","NGN","N2",1780,7.48436864328613
"S4P5",940,"Ncomum","Nongapping","NGN","N2",1490,7.30653139893951
"S4P5",1030,"Nproprio","Nongapping","NGPN","N2",1250,7.13089883029635
"S4P5",1430,"Nproprio","Nongapping","NGPN","N2",2270,7.72753511047545
"S4P5",230,"Nproprio","Nongapping","NGPN","N2",460,6.13122648948314
"S4P5",630,"Nproprio","Nongapping","NGPN","N2",1160,7.05617528410041
"S4P6",320,"Ncomum","Gapping","GN","N2",580,6.36302810354046
"S4P6",410,"Nproprio","Gapping","GPN","N2",510,6.23441072571837
"S4P6",720,"Ncomum","Gapping","GN","N2",440,6.08677472691231
"S4P6",1120,"Ncomum","Gapping","GN","N2",310,5.73657229747919
"S4P6",1210,"Nproprio","Gapping","GPN","N2",310,5.73657229747919
"S4P6",1520,"Ncomum","Gapping","GN","N2",470,6.1527326947041
"S4P6",1610,"Nproprio","Gapping","GPN","N2",240,5.48063892334199
"S4P6",1340,"Ncomum","Nongapping","NGN","N2",320,5.76832099579377
"S4P6",140,"Ncomum","Nongapping","NGN","N2",480,6.17378610390194
"S4P6",940,"Ncomum","Nongapping","NGN","N2",200,5.29831736654804
"S4P6",1030,"Nproprio","Nongapping","NGPN","N2",780,6.65929391968364
"S4P6",1430,"Nproprio","Nongapping","NGPN","N2",730,6.59304453414244
"S4P6",230,"Nproprio","Nongapping","NGPN","N2",230,5.4380793089232
"S4P7",320,"Ncomum","Gapping","GN","N2",590,6.38012253689976
"S4P7",410,"Nproprio","Gapping","GPN","N2",530,6.27287700654617
"S4P7",720,"Ncomum","Gapping","GN","N2",520,6.25382881157547
"S4P7",810,"Nproprio","Gapping","GPN","N2",790,6.67203294546107
"S4P7",1120,"Ncomum","Gapping","GN","N2",830,6.72142570079064
"S4P7",1210,"Nproprio","Gapping","GPN","N2",770,6.64639051484773
"S4P7",1520,"Ncomum","Gapping","GN","N2",1190,7.08170858610557
"S4P7",1610,"Nproprio","Gapping","GPN","N2",780,6.65929391968364
"S4P7",1340,"Ncomum","Nongapping","NGN","N2",370,5.91350300563827
"S4P7",140,"Ncomum","Nongapping","NGN","N2",800,6.68461172766793
"S4P7",540,"Ncomum","Nongapping","NGN","N2",240,5.48063892334199
"S4P7",940,"Ncomum","Nongapping","NGN","N2",580,6.36302810354046
"S4P7",1030,"Nproprio","Nongapping","NGPN","N2",490,6.19440539110467
"S4P7",1430,"Nproprio","Nongapping","NGPN","N2",1450,7.27931883541462
"S4P7",230,"Nproprio","Nongapping","NGPN","N2",350,5.85793315448346
"S4P7",630,"Nproprio","Nongapping","NGPN","N2",1020,6.92755790627832
