"Participante","Item","Cond","Contexto","Adv_so","Resposta","RT"
"S1V3","31","CV1SOV1","V1","V1","baixa","27116"
"S1V3","32","CV1SOV2","V1","V2","baixa","27654"
"S1V3","46","CV2SOV2","V2","V2","baixa","11690"
"S1V3","36","CV1SOV2","V1","V2","baixa","15221"
"S1V3","42","CV2SOV2","V2","V2","baixa","3551"
"S1V3","38","CV2SOV2","V2","V2","baixa","3116"
"S1V3","35","CV1SOV1","V1","V1","alta","5950"
"S1V3","40","CV1SOV2","V1","V2","baixa","6009"
"S1V3","43","CV1SOV1","V1","V1","alta","5888"
"S1V3","37","CV2SOV1","V2","V1","alta","5430"
"S1V3","34","CV2SOV2","V2","V2","baixa","4207"
"S1V3","33","CV2SOV1","V2","V1","baixa","18354"
"S1V3","29","CV2SOV1","V2","V1","alta","4585"
"S1V3","45","CV2SOV1","V2","V1","alta","11138"
"S1V3","47","CV1SOV1","V1","V1","alta","2073"
"S1V3","30","CV2SOV2","V2","V2","alta","22381"
"S1V3","48","CV1SOV2","V1","V2","alta","4319"
"S1V3","44","CV1SOV2","V1","V2","baixa","5946"
"S1V4","30","CV1SOV1","V1","V1","baixa","11488"
"S1V4","44","CV2SOV1","V2","V1","baixa","4275"
"S1V4","29","CV2SOV2","V2","V2","alta","5795"
"S1V4","48","CV2SOV1","V2","V1","baixa","5026"
"S1V4","36","CV2SOV1","V2","V1","baixa","9405"
"S1V4","34","CV1SOV1","V1","V1","alta","4597"
"S1V4","42","CV1SOV1","V1","V1","baixa","2467"
"S1V4","45","CV2SOV2","V2","V2","baixa","3794"
"S1V4","37","CV2SOV2","V2","V2","baixa","3191"
"S1V4","46","CV1SOV1","V1","V1","baixa","2729"
"S1V4","33","CV2SOV2","V2","V2","baixa","3698"
"S1V4","38","CV1SOV1","V1","V1","baixa","2577"
"S1V4","35","CV1SOV2","V1","V2","alta","4177"
"S1V4","47","CV1SOV2","V1","V2","alta","4989"
"S1V4","31","CV1SOV2","V1","V2","baixa","6229"
"S1V4","41","CV2SOV2","V2","V2","baixa","4578"
"S1V4","40","CV2SOV1","V2","V1","baixa","3850"
"S1V4","43","CV1SOV2","V1","V2","baixa","3980"
"S2V1","38","CV1SOV2","V1","V2","baixa","4325"
"S2V1","41","CV1SOV1","V1","V1","alta","5307"
"S2V1","45","CV1SOV1","V1","V1","alta","4323"
"S2V1","36","CV2SOV2","V2","V2","baixa","1926"
"S2V1","30","CV1SOV2","V1","V2","baixa","3530"
"S2V1","47","CV2SOV1","V2","V1","baixa","3574"
"S2V1","33","CV1SOV1","V1","V1","baixa","2942"
"S2V1","43","CV2SOV1","V2","V1","alta","2136"
"S2V1","44","CV2SOV2","V2","V2","baixa","2677"
"S2V1","46","CV1SOV2","V1","V2","alta","3241"
"S2V1","37","CV1SOV1","V1","V1","alta","3580"
"S2V1","40","CV2SOV2","V2","V2","baixa","2169"
"S2V1","39","CV2SOV1","V2","V1","baixa","6417"
"S2V1","29","CV1SOV1","V1","V1","alta","3638"
"S2V1","31","CV2SOV1","V2","V1","alta","3794"
"S2V1","35","CV2SOV1","V2","V1","alta","4021"
"S2V1","42","CV1SOV2","V1","V2","baixa","3801"
"S2V1","34","CV1SOV2","V1","V2","alta","5388"
"S2V1","48","CV2SOV2","V2","V2","baixa","1442"
"S2V2","43","CV2SOV2","V2","V2","alta","7091"
"S2V2","46","CV2SOV1","V2","V1","alta","3607"
"S2V2","45","CV1SOV2","V1","V2","alta","14511"
"S2V2","36","CV1SOV1","V1","V1","alta","14770"
"S2V2","44","CV1SOV1","V1","V1","alta","3378"
"S2V2","38","CV2SOV1","V2","V1","alta","24053"
"S2V2","32","CV1SOV1","V1","V1","alta","2887"
"S2V2","42","CV2SOV1","V2","V1","alta","2762"
"S2V2","34","CV2SOV1","V2","V1","alta","13590"
"S2V2","33","CV1SOV2","V1","V2","alta","10099"
"S2V2","48","CV1SOV1","V1","V1","alta","11426"
"S2V2","40","CV1SOV1","V1","V1","baixa","34755"
"S2V2","29","CV1SOV2","V1","V2","alta","10317"
"S2V2","31","CV2SOV2","V2","V2","alta","11625"
"S2V2","30","CV2SOV1","V2","V1","alta","8051"
"S2V2","35","CV2SOV2","V2","V2","alta","4367"
"S2V2","47","CV2SOV2","V2","V2","alta","4613"
"S2V2","41","CV1SOV2","V1","V2","alta","20444"
"S2V2","39","CV2SOV2","V2","V2","baixa","25699"
"S3V1","39","CV2SOV1","V2","V1","baixa","4867"
"S3V1","34","CV1SOV2","V1","V2","baixa","3891"
"S3V1","29","CV1SOV1","V1","V1","baixa","4128"
"S3V1","32","CV2SOV2","V2","V2","baixa","4197"
"S3V1","33","CV1SOV1","V1","V1","baixa","2585"
"S3V1","30","CV1SOV2","V1","V2","baixa","4098"
"S3V1","37","CV1SOV1","V1","V1","alta","3432"
"S3V1","40","CV2SOV2","V2","V2","baixa","3139"
"S3V1","36","CV2SOV2","V2","V2","baixa","2565"
"S3V1","31","CV2SOV1","V2","V1","alta","4639"
"S3V1","43","CV2SOV1","V2","V1","alta","4012"
"S3V1","45","CV1SOV1","V1","V1","alta","4141"
"S3V1","48","CV2SOV2","V2","V2","baixa","5054"
"S3V1","47","CV2SOV1","V2","V1","alta","4563"
"S3V1","44","CV2SOV2","V2","V2","baixa","5972"
"S3V1","38","CV1SOV2","V1","V2","baixa","3610"
"S3V1","42","CV1SOV2","V1","V2","baixa","4625"
"S3V1","41","CV1SOV1","V1","V1","alta","4955"
"S3V1","46","CV1SOV2","V1","V2","baixa","3720"
"S3V1","35","CV2SOV1","V2","V1","alta","4470"
"S3V2","42","CV2SOV1","V2","V1","baixa","3323"
"S3V2","33","CV1SOV2","V1","V2","baixa","3581"
"S3V2","36","CV1SOV1","V1","V1","baixa","5583"
"S3V2","47","CV2SOV2","V2","V2","baixa","3913"
"S3V2","43","CV2SOV2","V2","V2","alta","5205"
"S3V2","35","CV2SOV2","V2","V2","alta","3287"
"S3V2","46","CV2SOV1","V2","V1","alta","3211"
"S3V2","29","CV1SOV2","V1","V2","alta","3319"
"S3V2","38","CV2SOV1","V2","V1","alta","4055"
"S3V2","40","CV1SOV1","V1","V1","alta","2776"
"S3V2","30","CV2SOV1","V2","V1","alta","2756"
"S3V2","37","CV1SOV2","V1","V2","alta","5720"
"S3V2","41","CV1SOV2","V1","V2","alta","2290"
"S3V2","44","CV1SOV1","V1","V1","alta","3467"
"S3V2","31","CV2SOV2","V2","V2","alta","3892"
"S3V2","32","CV1SOV1","V1","V1","alta","2418"
"S3V4","30","CV1SOV1","V1","V1","baixa","6282"
"S3V4","37","CV2SOV2","V2","V2","baixa","5581"
"S3V4","46","CV1SOV1","V1","V1","baixa","3804"
"S3V4","31","CV1SOV2","V1","V2","baixa","6693"
"S3V4","42","CV1SOV1","V1","V1","alta","6272"
"S3V4","34","CV1SOV1","V1","V1","alta","7502"
"S3V4","43","CV1SOV2","V1","V2","baixa","13307"
"S3V4","47","CV1SOV2","V1","V2","baixa","3451"
"S3V4","33","CV2SOV2","V2","V2","baixa","2966"
"S3V4","29","CV2SOV2","V2","V2","baixa","8259"
"S3V4","38","CV1SOV1","V1","V1","baixa","7525"
"S3V4","35","CV1SOV2","V1","V2","baixa","3481"
"S3V4","45","CV2SOV2","V2","V2","baixa","1884"
"S3V4","48","CV2SOV1","V2","V1","baixa","6740"
"S3V4","40","CV2SOV1","V2","V1","baixa","7885"
"S3V4","32","CV2SOV1","V2","V1","alta","5210"
"S3V4","36","CV2SOV1","V2","V1","alta","12115"
"S4V2","36","CV1SOV1","V1","V1","alta","7820"
"S4V2","37","CV1SOV2","V1","V2","baixa","17235"
"S4V2","42","CV2SOV1","V2","V1","baixa","5721"
"S4V2","33","CV1SOV2","V1","V2","alta","11159"
"S4V2","38","CV2SOV1","V2","V1","alta","10327"
"S4V2","41","CV1SOV2","V1","V2","alta","8456"
"S4V2","39","CV2SOV2","V2","V2","baixa","14514"
"S4V2","45","CV1SOV2","V1","V2","baixa","9156"
"S4V2","31","CV2SOV2","V2","V2","alta","7393"
"S4V2","43","CV2SOV2","V2","V2","alta","3051"
"S4V2","46","CV2SOV1","V2","V1","baixa","7127"
"S4V2","30","CV2SOV1","V2","V1","alta","5011"
"S4V2","32","CV1SOV1","V1","V1","alta","11036"
"S4V2","47","CV2SOV2","V2","V2","alta","5224"
"S4V2","35","CV2SOV2","V2","V2","alta","3690"
"S4V2","40","CV1SOV1","V1","V1","alta","3399"
"S4V2","48","CV1SOV1","V1","V1","baixa","3667"
"S4V2","44","CV1SOV1","V1","V1","alta","4193"
"S5V1","36","CV2SOV2","V2","V2","baixa","6902"
"S5V1","35","CV2SOV1","V2","V1","alta","4275"
"S5V1","30","CV1SOV2","V1","V2","alta","9026"
"S5V1","38","CV1SOV2","V1","V2","baixa","3634"
"S5V1","46","CV1SOV2","V1","V2","baixa","5660"
"S5V1","43","CV2SOV1","V2","V1","alta","10616"
"S5V1","29","CV1SOV1","V1","V1","alta","8887"
"S5V1","39","CV2SOV1","V2","V1","alta","7151"
"S5V1","41","CV1SOV1","V1","V1","alta","3743"
"S5V1","32","CV2SOV2","V2","V2","baixa","4973"
"S5V1","40","CV2SOV2","V2","V2","baixa","4551"
"S5V1","34","CV1SOV2","V1","V2","alta","10099"
"S5V1","45","CV1SOV1","V1","V1","alta","3108"
"S5V1","31","CV2SOV1","V2","V1","baixa","12571"
"S5V1","37","CV1SOV1","V1","V1","alta","3604"
"S5V1","44","CV2SOV2","V2","V2","baixa","4480"
"S5V1","42","CV1SOV2","V1","V2","baixa","4436"
"S5V2","29","CV1SOV2","V1","V2","baixa","5867"
"S5V2","36","CV1SOV1","V1","V1","alta","2356"
"S5V2","44","CV1SOV1","V1","V1","alta","2231"
"S5V2","34","CV2SOV1","V2","V1","alta","2869"
"S5V2","46","CV2SOV1","V2","V1","alta","2510"
"S5V2","30","CV2SOV1","V2","V1","alta","4728"
"S5V2","42","CV2SOV1","V2","V1","alta","2782"
"S5V2","47","CV2SOV2","V2","V2","baixa","4854"
"S5V2","35","CV2SOV2","V2","V2","baixa","5865"
"S5V2","48","CV1SOV1","V1","V1","baixa","2999"
"S5V2","37","CV1SOV2","V1","V2","baixa","1865"
"S5V2","32","CV1SOV1","V1","V1","alta","2000"
"S5V2","41","CV1SOV2","V1","V2","baixa","5931"
"S5V2","38","CV2SOV1","V2","V1","baixa","2996"
"S5V2","31","CV2SOV2","V2","V2","baixa","3589"
"S5V2","43","CV2SOV2","V2","V2","baixa","1982"
"S10V1","38","CV1SOV2","V1","V2","baixa","6017"
"S10V1","41","CV1SOV1","V1","V1","baixa","5303"
"S10V1","31","CV2SOV1","V2","V1","baixa","5594"
"S10V1","29","CV1SOV1","V1","V1","alta","8263"
"S10V1","37","CV1SOV1","V1","V1","baixa","3879"
"S10V1","32","CV2SOV2","V2","V2","baixa","5688"
"S10V1","43","CV2SOV1","V2","V1","baixa","4434"
"S10V1","45","CV1SOV1","V1","V1","baixa","3091"
"S10V1","39","CV2SOV1","V2","V1","baixa","4405"
"S10V1","47","CV2SOV1","V2","V1","baixa","2430"
"S10V1","36","CV2SOV2","V2","V2","baixa","6919"
"S10V1","46","CV1SOV2","V1","V2","baixa","6277"
"S10V1","30","CV1SOV2","V1","V2","baixa","24041"
"S10V1","42","CV1SOV2","V1","V2","baixa","12857"
"S10V1","33","CV1SOV1","V1","V1","alta","35522"
"S10V1","40","CV2SOV2","V2","V2","baixa","8520"
"S10V1","34","CV1SOV2","V1","V2","baixa","11716"
"S10V1","44","CV2SOV2","V2","V2","baixa","5384"
"S10V1","35","CV2SOV1","V2","V1","alta","24081"
"S10V1","48","CV2SOV2","V2","V2","baixa","8588"
"S10V4","46","CV1SOV1","V1","V1","alta","3765"
"S10V4","33","CV2SOV2","V2","V2","baixa","6616"
"S10V4","41","CV2SOV2","V2","V2","baixa","3779"
"S10V4","37","CV2SOV2","V2","V2","baixa","2211"
"S10V4","47","CV1SOV2","V1","V2","baixa","2440"
"S10V4","43","CV1SOV2","V1","V2","baixa","2866"
"S10V4","45","CV2SOV2","V2","V2","baixa","2153"
"S10V4","35","CV1SOV2","V1","V2","alta","6513"
"S10V4","32","CV2SOV1","V2","V1","alta","1859"
"S10V4","36","CV2SOV1","V2","V1","alta","1600"
"S10V4","40","CV2SOV1","V2","V1","alta","3924"
"S10V4","39","CV1SOV2","V1","V2","baixa","5686"
"S10V4","44","CV2SOV1","V2","V1","alta","3045"
"S10V4","48","CV2SOV1","V2","V1","alta","2200"
"S10V4","31","CV1SOV2","V1","V2","baixa","2824"
"S10V4","42","CV1SOV1","V1","V1","alta","6557"
"S10V4","34","CV1SOV1","V1","V1","alta","4521"
"S3V3","29","CV2SOV1","V2","V1","baixa","5448"
"S3V3","47","CV1SOV1","V1","V1","alta","3968"
"S3V3","34","CV2SOV2","V2","V2","baixa","3208"
"S3V3","36","CV1SOV2","V1","V2","alta","4081"
"S3V3","39","CV1SOV1","V1","V1","baixa","4205"
"S3V3","38","CV2SOV2","V2","V2","baixa","3522"
"S3V3","32","CV1SOV2","V1","V2","baixa","2839"
"S3V3","35","CV1SOV1","V1","V1","alta","3725"
"S3V3","37","CV2SOV1","V2","V1","alta","2090"
"S3V3","41","CV2SOV1","V2","V1","alta","4118"
"S3V3","30","CV2SOV2","V2","V2","baixa","2918"
"S3V3","45","CV2SOV1","V2","V1","baixa","2686"
"S3V3","42","CV2SOV2","V2","V2","alta","8204"
"S3V3","33","CV2SOV1","V2","V1","alta","3020"
"S3V3","43","CV1SOV1","V1","V1","alta","2788"
"S3V3","31","CV1SOV1","V1","V1","alta","3826"
"S3V3","40","CV1SOV2","V1","V2","baixa","2569"
"S3V3","46","CV2SOV2","V2","V2","baixa","3681"
"S3V3","48","CV1SOV2","V1","V2","baixa","3344"
"S4V3","46","CV2SOV2","V2","V2","baixa","13929"
"S4V3","30","CV2SOV2","V2","V2","baixa","13168"
"S4V3","32","CV1SOV2","V1","V2","baixa","17322"
"S4V3","41","CV2SOV1","V2","V1","alta","8658"
"S4V3","38","CV2SOV2","V2","V2","baixa","8032"
"S4V3","29","CV2SOV1","V2","V1","alta","13428"
"S4V3","33","CV2SOV1","V2","V1","alta","16015"
"S4V3","40","CV1SOV2","V1","V2","baixa","7336"
"S4V3","45","CV2SOV1","V2","V1","alta","9836"
"S4V3","44","CV1SOV2","V1","V2","baixa","5773"
"S4V3","36","CV1SOV2","V1","V2","baixa","6931"
"S4V3","47","CV1SOV1","V1","V1","alta","10171"
"S4V3","43","CV1SOV1","V1","V1","alta","7990"
"S4V3","35","CV1SOV1","V1","V1","alta","6378"
"S4V3","48","CV1SOV2","V1","V2","baixa","7440"
"S4V3","42","CV2SOV2","V2","V2","baixa","10072"
"S4V3","39","CV1SOV1","V1","V1","alta","9390"
"S4V3","37","CV2SOV1","V2","V1","alta","7229"
"S5V3","46","CV2SOV2","V2","V2","baixa","4126"
"S5V3","40","CV1SOV2","V1","V2","baixa","5049"
"S5V3","35","CV1SOV1","V1","V1","alta","24269"
"S5V3","44","CV1SOV2","V1","V2","baixa","6147"
"S5V3","29","CV2SOV1","V2","V1","alta","9125"
"S5V3","38","CV2SOV2","V2","V2","baixa","6275"
"S5V3","30","CV2SOV2","V2","V2","baixa","6654"
"S5V3","41","CV2SOV1","V2","V1","alta","7183"
"S5V3","47","CV1SOV1","V1","V1","alta","5025"
"S5V3","37","CV2SOV1","V2","V1","alta","4054"
"S5V3","36","CV1SOV2","V1","V2","baixa","5281"
"S5V3","34","CV2SOV2","V2","V2","baixa","5403"
"S5V3","33","CV2SOV1","V2","V1","alta","1692"
"S5V3","31","CV1SOV1","V1","V1","alta","8210"
"S5V3","43","CV1SOV1","V1","V1","alta","5919"
"S5V3","45","CV2SOV1","V2","V1","alta","2505"
"S5V3","42","CV2SOV2","V2","V2","alta","3194"
"S5V3","39","CV1SOV1","V1","V1","baixa","6288"
"S5V4","35","CV1SOV2","V1","V2","alta","4313"
"S5V4","36","CV2SOV1","V2","V1","alta","2477"
"S5V4","46","CV1SOV1","V1","V1","alta","2944"
"S5V4","33","CV2SOV2","V2","V2","alta","2137"
"S5V4","41","CV2SOV2","V2","V2","baixa","2276"
"S5V4","34","CV1SOV1","V1","V1","alta","3358"
"S5V4","44","CV2SOV1","V2","V1","alta","2002"
"S5V4","37","CV2SOV2","V2","V2","baixa","2926"
"S5V4","39","CV1SOV2","V1","V2","alta","11265"
"S5V4","32","CV2SOV1","V2","V1","alta","2452"
"S5V4","42","CV1SOV1","V1","V1","alta","1933"
"S5V4","31","CV1SOV2","V1","V2","alta","20806"
"S5V4","29","CV2SOV2","V2","V2","baixa","5227"
"S5V4","30","CV1SOV1","V1","V1","alta","3390"
"S5V4","48","CV2SOV1","V2","V1","alta","7773"
"S5V4","45","CV2SOV2","V2","V2","baixa","6842"
"S6V3","42","CV2SOV2","V2","V2","baixa","5947"
"S6V3","40","CV1SOV2","V1","V2","baixa","8409"
"S6V3","46","CV2SOV2","V2","V2","alta","5334"
"S6V3","38","CV2SOV2","V2","V2","baixa","6616"
"S6V3","30","CV2SOV2","V2","V2","baixa","8417"
"S6V3","44","CV1SOV2","V1","V2","baixa","7746"
"S6V3","48","CV1SOV2","V1","V2","baixa","5140"
"S6V3","39","CV1SOV1","V1","V1","baixa","16861"
"S6V3","29","CV2SOV1","V2","V1","alta","11892"
"S6V3","43","CV1SOV1","V1","V1","alta","3926"
"S6V3","47","CV1SOV1","V1","V1","alta","10497"
"S6V3","41","CV2SOV1","V2","V1","baixa","2952"
"S6V3","32","CV1SOV2","V1","V2","baixa","4690"
"S6V3","45","CV2SOV1","V2","V1","baixa","3801"
"S6V3","33","CV2SOV1","V2","V1","baixa","4031"
"S6V4","43","CV1SOV2","V1","V2","alta","3205"
"S6V4","31","CV1SOV2","V1","V2","baixa","5967"
"S6V4","46","CV1SOV1","V1","V1","alta","4551"
"S6V4","30","CV1SOV1","V1","V1","alta","2929"
"S6V4","42","CV1SOV1","V1","V1","alta","2530"
"S6V4","40","CV2SOV1","V2","V1","alta","3465"
"S6V4","48","CV2SOV1","V2","V1","alta","3161"
"S6V4","34","CV1SOV1","V1","V1","alta","3663"
"S6V4","44","CV2SOV1","V2","V1","alta","2749"
"S6V4","32","CV2SOV1","V2","V1","alta","2288"
"S6V4","39","CV1SOV2","V1","V2","baixa","5133"
"S6V4","35","CV1SOV2","V1","V2","baixa","5104"
"S6V4","33","CV2SOV2","V2","V2","baixa","4839"
"S6V4","47","CV1SOV2","V1","V2","baixa","3089"
"S7V1","41","CV1SOV1","V1","V1","alta","14215"
"S7V1","38","CV1SOV2","V1","V2","baixa","7283"
"S7V1","42","CV1SOV2","V1","V2","baixa","6273"
"S7V1","32","CV2SOV2","V2","V2","baixa","4445"
"S7V1","43","CV2SOV1","V2","V1","alta","5323"
"S7V1","30","CV1SOV2","V1","V2","baixa","4953"
"S7V1","40","CV2SOV2","V2","V2","baixa","8418"
"S7V1","33","CV1SOV1","V1","V1","alta","7369"
"S7V1","37","CV1SOV1","V1","V1","baixa","7241"
"S7V1","36","CV2SOV2","V2","V2","baixa","5259"
"S7V1","39","CV2SOV1","V2","V1","alta","19101"
"S7V1","48","CV2SOV2","V2","V2","baixa","3504"
"S7V1","47","CV2SOV1","V2","V1","baixa","10029"
"S7V1","34","CV1SOV2","V1","V2","baixa","3660"
"S7V1","45","CV1SOV1","V1","V1","alta","3067"
"S7V1","29","CV1SOV1","V1","V1","alta","5035"
"S7V1","44","CV2SOV2","V2","V2","baixa","3200"
"S7V1","35","CV2SOV1","V2","V1","alta","5182"
"S7V2","35","CV2SOV2","V2","V2","baixa","8669"
"S7V2","43","CV2SOV2","V2","V2","baixa","11958"
"S7V2","40","CV1SOV1","V1","V1","alta","13790"
"S7V2","42","CV2SOV1","V2","V1","alta","7826"
"S7V2","36","CV1SOV1","V1","V1","alta","8173"
"S7V2","48","CV1SOV1","V1","V1","baixa","12298"
"S7V2","45","CV1SOV2","V1","V2","baixa","15098"
"S7V2","31","CV2SOV2","V2","V2","alta","13331"
"S7V2","29","CV1SOV2","V1","V2","alta","3795"
"S7V2","34","CV2SOV1","V2","V1","alta","7077"
"S7V2","38","CV2SOV1","V2","V1","baixa","10637"
"S7V2","33","CV1SOV2","V1","V2","baixa","9376"
"S7V2","41","CV1SOV2","V1","V2","baixa","9784"
"S7V2","47","CV2SOV2","V2","V2","baixa","4780"
"S7V2","46","CV2SOV1","V2","V1","baixa","5935"
"S7V2","32","CV1SOV1","V1","V1","alta","2827"
"S7V2","37","CV1SOV2","V1","V2","alta","8933"
"S7V4","35","CV1SOV2","V1","V2","alta","10841"
"S7V4","37","CV2SOV2","V2","V2","baixa","8914"
"S7V4","43","CV1SOV2","V1","V2","alta","15909"
"S7V4","39","CV1SOV2","V1","V2","alta","12669"
"S7V4","29","CV2SOV2","V2","V2","alta","17434"
"S7V4","33","CV2SOV2","V2","V2","alta","14493"
"S7V4","44","CV2SOV1","V2","V1","alta","5859"
"S7V4","30","CV1SOV1","V1","V1","baixa","7056"
"S7V4","41","CV2SOV2","V2","V2","alta","13597"
"S7V4","46","CV1SOV1","V1","V1","alta","15510"
"S7V4","36","CV2SOV1","V2","V1","baixa","18841"
"S7V4","40","CV2SOV1","V2","V1","alta","10326"
"S7V4","31","CV1SOV2","V1","V2","baixa","16855"
"S7V4","47","CV1SOV2","V1","V2","baixa","11092"
"S7V4","42","CV1SOV1","V1","V1","baixa","6937"
"S7V4","38","CV1SOV1","V1","V1","baixa","6289"
"S7V4","32","CV2SOV1","V2","V1","baixa","10921"
"S7V4","34","CV1SOV1","V1","V1","alta","10626"
"S8V1","36","CV2SOV2","V2","V2","baixa","46456"
"S8V1","47","CV2SOV1","V2","V1","alta","23095"
"S8V1","46","CV1SOV2","V1","V2","alta","54584"
"S8V1","44","CV2SOV2","V2","V2","alta","28065"
"S8V1","40","CV2SOV2","V2","V2","alta","7696"
"S8V1","39","CV2SOV1","V2","V1","alta","51593"
"S8V1","41","CV1SOV1","V1","V1","baixa","17540"
"S8V1","37","CV1SOV1","V1","V1","alta","38317"
"S8V1","34","CV1SOV2","V1","V2","alta","8683"
"S8V1","29","CV1SOV1","V1","V1","alta","6878"
"S8V1","30","CV1SOV2","V1","V2","alta","5463"
"S8V1","33","CV1SOV1","V1","V1","alta","16300"
"S8V1","42","CV1SOV2","V1","V2","alta","10714"
"S8V1","38","CV1SOV2","V1","V2","baixa","35067"
"S8V1","32","CV2SOV2","V2","V2","alta","18690"
"S8V1","35","CV2SOV1","V2","V1","alta","14375"
"S8V1","45","CV1SOV1","V1","V1","alta","3689"
"S8V1","31","CV2SOV1","V2","V1","alta","14505"
"S8V2","35","CV2SOV2","V2","V2","baixa","4092"
"S8V2","42","CV2SOV1","V2","V1","alta","7241"
"S8V2","45","CV1SOV2","V1","V2","baixa","17212"
"S8V2","48","CV1SOV1","V1","V1","baixa","11133"
"S8V2","39","CV2SOV2","V2","V2","alta","57655"
"S8V2","34","CV2SOV1","V2","V1","alta","4309"
"S8V2","38","CV2SOV1","V2","V1","alta","20224"
"S8V2","44","CV1SOV1","V1","V1","alta","3299"
"S8V2","43","CV2SOV2","V2","V2","alta","2504"
"S8V2","47","CV2SOV2","V2","V2","alta","20243"
"S8V2","30","CV2SOV1","V2","V1","alta","5333"
"S8V2","31","CV2SOV2","V2","V2","baixa","16981"
"S8V2","32","CV1SOV1","V1","V1","alta","3153"
"S8V2","46","CV2SOV1","V2","V1","alta","3195"
"S8V2","41","CV1SOV2","V1","V2","baixa","32593"
"S8V2","37","CV1SOV2","V1","V2","alta","7346"
"S8V2","40","CV1SOV1","V1","V1","alta","9666"
"S8V2","29","CV1SOV2","V1","V2","baixa","16452"
"S8V3","38","CV2SOV2","V2","V2","baixa","3354"
"S8V3","40","CV1SOV2","V1","V2","baixa","2820"
"S8V3","46","CV2SOV2","V2","V2","baixa","1782"
"S8V3","32","CV1SOV2","V1","V2","baixa","1703"
"S8V3","47","CV1SOV1","V1","V1","baixa","1099"
"S8V3","29","CV2SOV1","V2","V1","alta","1410"
"S8V3","36","CV1SOV2","V1","V2","baixa","2840"
"S8V3","44","CV1SOV2","V1","V2","baixa","1385"
"S8V3","45","CV2SOV1","V2","V1","baixa","1537"
"S8V3","41","CV2SOV1","V2","V1","baixa","4344"
"S8V3","34","CV2SOV2","V2","V2","baixa","1592"
"S8V3","31","CV1SOV1","V1","V1","baixa","1984"
"S8V3","48","CV1SOV2","V1","V2","baixa","1537"
"S8V3","43","CV1SOV1","V1","V1","alta","3559"
"S8V3","37","CV2SOV1","V2","V1","alta","2051"
"S8V3","30","CV2SOV2","V2","V2","baixa","1474"
"S8V3","33","CV2SOV1","V2","V1","alta","1356"
"S8V3","42","CV2SOV2","V2","V2","baixa","3089"
"S8V4","39","CV1SOV2","V1","V2","baixa","13587"
"S8V4","40","CV2SOV1","V2","V1","baixa","14746"
"S8V4","43","CV1SOV2","V1","V2","alta","10702"
"S8V4","36","CV2SOV1","V2","V1","alta","8169"
"S8V4","31","CV1SOV2","V1","V2","baixa","11346"
"S8V4","32","CV2SOV1","V2","V1","alta","16607"
"S8V4","41","CV2SOV2","V2","V2","baixa","10498"
"S8V4","30","CV1SOV1","V1","V1","alta","5620"
"S8V4","45","CV2SOV2","V2","V2","baixa","4337"
"S8V4","34","CV1SOV1","V1","V1","alta","18595"
"S8V4","33","CV2SOV2","V2","V2","alta","12640"
"S8V4","48","CV2SOV1","V2","V1","alta","20055"
"S8V4","37","CV2SOV2","V2","V2","baixa","4449"
"S8V4","47","CV1SOV2","V1","V2","baixa","14835"
"S8V4","42","CV1SOV1","V1","V1","alta","5979"
"S8V4","38","CV1SOV1","V1","V1","alta","8674"
"S8V4","44","CV2SOV1","V2","V1","alta","2306"
"S8V4","46","CV1SOV1","V1","V1","alta","4074"
"S8V4","35","CV1SOV2","V1","V2","baixa","5082"
"S9V1","43","CV2SOV1","V2","V1","alta","4614"
"S9V1","45","CV1SOV1","V1","V1","baixa","5153"
"S9V1","30","CV1SOV2","V1","V2","baixa","5086"
"S9V1","42","CV1SOV2","V1","V2","baixa","2904"
"S9V1","39","CV2SOV1","V2","V1","baixa","3242"
"S9V1","31","CV2SOV1","V2","V1","alta","3762"
"S9V1","47","CV2SOV1","V2","V1","alta","4912"
"S9V1","48","CV2SOV2","V2","V2","baixa","2393"
"S9V1","40","CV2SOV2","V2","V2","baixa","1729"
"S9V1","35","CV2SOV1","V2","V1","alta","2621"
"S9V1","46","CV1SOV2","V1","V2","alta","2665"
"S9V1","29","CV1SOV1","V1","V1","alta","4829"
"S9V1","38","CV1SOV2","V1","V2","alta","3630"
"S9V1","36","CV2SOV2","V2","V2","baixa","1814"
"S9V1","32","CV2SOV2","V2","V2","baixa","6114"
"S9V1","44","CV2SOV2","V2","V2","baixa","1929"
"S9V1","41","CV1SOV1","V1","V1","baixa","2174"
"S9V1","34","CV1SOV2","V1","V2","alta","1941"
"S9V2","34","CV2SOV1","V2","V1","alta","3050"
"S9V2","38","CV2SOV1","V2","V1","baixa","2023"
"S9V2","39","CV2SOV2","V2","V2","baixa","3832"
"S9V2","43","CV2SOV2","V2","V2","baixa","2680"
"S9V2","41","CV1SOV2","V1","V2","alta","2106"
"S9V2","32","CV1SOV1","V1","V1","baixa","2616"
"S9V2","45","CV1SOV2","V1","V2","alta","3402"
"S9V2","44","CV1SOV1","V1","V1","baixa","1733"
"S9V2","37","CV1SOV2","V1","V2","alta","3007"
"S9V2","30","CV2SOV1","V2","V1","baixa","2593"
"S9V2","29","CV1SOV2","V1","V2","baixa","4745"
"S9V2","48","CV1SOV1","V1","V1","baixa","2264"
"S9V2","31","CV2SOV2","V2","V2","baixa","2445"
"S9V2","33","CV1SOV2","V1","V2","alta","2754"
"S9V2","42","CV2SOV1","V2","V1","baixa","1700"
"S9V2","46","CV2SOV1","V2","V1","baixa","3543"
"S9V2","35","CV2SOV2","V2","V2","baixa","2281"
"S9V3","39","CV1SOV1","V1","V1","alta","4182"
"S9V3","35","CV1SOV1","V1","V1","alta","2860"
"S9V3","41","CV2SOV1","V2","V1","alta","3083"
"S9V3","31","CV1SOV1","V1","V1","alta","4093"
"S9V3","33","CV2SOV1","V2","V1","alta","3367"
"S9V3","45","CV2SOV1","V2","V1","alta","2729"
"S9V3","34","CV2SOV2","V2","V2","baixa","6343"
"S9V3","46","CV2SOV2","V2","V2","alta","3087"
"S9V3","30","CV2SOV2","V2","V2","baixa","4711"
"S9V3","29","CV2SOV1","V2","V1","alta","2338"
"S9V3","48","CV1SOV2","V1","V2","baixa","3793"
"S9V3","32","CV1SOV2","V1","V2","baixa","3779"
"S9V3","44","CV1SOV2","V1","V2","alta","2731"
"S9V3","40","CV1SOV2","V1","V2","baixa","3115"
"S9V3","36","CV1SOV2","V1","V2","baixa","6446"
"S9V3","37","CV2SOV1","V2","V1","alta","3196"
"S9V3","38","CV2SOV2","V2","V2","baixa","3031"
"S9V3","47","CV1SOV1","V1","V1","alta","1445"
"S9V4","37","CV2SOV2","V2","V2","baixa","2795"
"S9V4","47","CV1SOV2","V1","V2","baixa","2218"
"S9V4","30","CV1SOV1","V1","V1","alta","2279"
"S9V4","34","CV1SOV1","V1","V1","alta","2253"
"S9V4","41","CV2SOV2","V2","V2","alta","3229"
"S9V4","45","CV2SOV2","V2","V2","baixa","1463"
"S9V4","43","CV1SOV2","V1","V2","baixa","2781"
"S9V4","40","CV2SOV1","V2","V1","baixa","1998"
"S9V4","36","CV2SOV1","V2","V1","alta","2477"
"S9V4","38","CV1SOV1","V1","V1","baixa","1951"
"S9V4","44","CV2SOV1","V2","V1","baixa","2768"
"S9V4","46","CV1SOV1","V1","V1","alta","5946"
"S9V4","31","CV1SOV2","V1","V2","baixa","2809"
"S9V4","48","CV2SOV1","V2","V1","baixa","2754"
"S9V4","32","CV2SOV1","V2","V1","baixa","2282"
"S9V4","29","CV2SOV2","V2","V2","baixa","2462"
"S9V4","33","CV2SOV2","V2","V2","baixa","4525"
"S01V1","38","CV1SOV2","V1","V2","baixa","4781"
"S01V1","40","CV2SOV2","V2","V2","baixa","2948"
"S01V1","33","CV1SOV1","V1","V1","baixa","2376"
"S01V1","42","CV1SOV2","V1","V2","baixa","4313"
"S01V1","35","CV2SOV1","V2","V1","alta","11919"
"S01V1","47","CV2SOV1","V2","V1","alta","6952"
"S01V1","48","CV2SOV2","V2","V2","baixa","5060"
"S01V1","45","CV1SOV1","V1","V1","baixa","3419"
"S01V1","37","CV1SOV1","V1","V1","baixa","2852"
"S01V1","36","CV2SOV2","V2","V2","baixa","2547"
"S01V1","31","CV2SOV1","V2","V1","baixa","2820"
"S01V1","46","CV1SOV2","V1","V2","baixa","2732"
"S01V1","32","CV2SOV2","V2","V2","baixa","11247"
"S01V1","34","CV1SOV2","V1","V2","alta","20255"
"S01V1","29","CV1SOV1","V1","V1","baixa","5394"
"S01V1","30","CV1SOV2","V1","V2","alta","11349"
"S01V1","39","CV2SOV1","V2","V1","alta","14058"
"S01V1","44","CV2SOV2","V2","V2","alta","6728"
"S01V1","41","CV1SOV1","V1","V1","alta","3878"
"S01V2","48","CV1SOV1","V1","V1","alta","11001"
"S01V2","44","CV1SOV1","V1","V1","alta","8808"
"S01V2","32","CV1SOV1","V1","V1","alta","6284"
"S01V2","46","CV2SOV1","V2","V1","alta","6839"
"S01V2","31","CV2SOV2","V2","V2","baixa","15756"
"S01V2","35","CV2SOV2","V2","V2","baixa","8266"
"S01V2","45","CV1SOV2","V1","V2","baixa","4676"
"S01V2","33","CV1SOV2","V1","V2","baixa","8265"
"S01V2","40","CV1SOV1","V1","V1","alta","1017"
"S01V2","41","CV1SOV2","V1","V2","baixa","4397"
"S01V2","36","CV1SOV1","V1","V1","alta","7742"
"S01V2","42","CV2SOV1","V2","V1","baixa","3323"
"S01V2","34","CV2SOV1","V2","V1","alta","7176"
"S01V2","39","CV2SOV2","V2","V2","baixa","10786"
"S01V2","38","CV2SOV1","V2","V1","alta","3371"
"S01V2","47","CV2SOV2","V2","V2","baixa","4114"
"S01V2","29","CV1SOV2","V1","V2","baixa","13323"
"S01V2","37","CV1SOV2","V1","V2","baixa","6196"
"S01V2","30","CV2SOV1","V2","V1","alta","7183"
"S01V3","32","CV1SOV2","V1","V2","alta","18236"
"S01V3","31","CV1SOV1","V1","V1","alta","13061"
"S01V3","43","CV1SOV1","V1","V1","baixa","5697"
"S01V3","35","CV1SOV1","V1","V1","alta","5722"
"S01V3","44","CV1SOV2","V1","V2","alta","4627"
"S01V3","47","CV1SOV1","V1","V1","alta","17550"
"S01V3","33","CV2SOV1","V2","V1","baixa","14826"
"S01V3","30","CV2SOV2","V2","V2","alta","23940"
"S01V3","46","CV2SOV2","V2","V2","baixa","4274"
"S01V3","45","CV2SOV1","V2","V1","alta","5860"
"S01V3","48","CV1SOV2","V1","V2","baixa","3304"
"S01V3","36","CV1SOV2","V1","V2","baixa","3077"
"S01V3","40","CV1SOV2","V1","V2","baixa","9218"
"S01V3","34","CV2SOV2","V2","V2","alta","9713"
"S01V3","37","CV2SOV1","V2","V1","baixa","5962"
"S01V3","39","CV1SOV1","V1","V1","baixa","11158"
"S01V3","29","CV2SOV1","V2","V1","alta","11145"
