"Participant","Item","Nome_tipo","Estrutura","Condition","Area","TFD"
"S1P1","1220","Ncomum","Gapping","GN","N1","1320"
"S1P1","110","Nproprio","Gapping","GPN","N2","710"
"S1P1","1220","Ncomum","Gapping","GN","PP","1290"
"S1P1","1620","Ncomum","Gapping","GN","N1","2480"
"S1P1","420","Ncomum","Gapping","GN","N2","1840"
"S1P1","1620","Ncomum","Gapping","GN","PP","2380"
"S1P1","420","Ncomum","Gapping","GN","N1","1640"
"S1P1","510","Nproprio","Gapping","GPN","N2","420"
"S1P1","420","Ncomum","Gapping","GN","PP","1340"
"S1P1","820","Ncomum","Gapping","GN","N1","2610"
"S1P1","820","Ncomum","Gapping","GN","N2","2930"
"S1P1","820","Ncomum","Gapping","GN","PP","3550"
"S1P1","110","Nproprio","Gapping","GPN","N1","820"
"S1P1","910","Nproprio","Gapping","GPN","N2","460"
"S1P1","110","Nproprio","Gapping","GPN","PP","760"
"S1P1","1310","Nproprio","Gapping","GPN","N1","1370"
"S1P1","1220","Ncomum","Gapping","GN","N2","1750"
"S1P1","1310","Nproprio","Gapping","GPN","PP","810"
"S1P1","510","Nproprio","Gapping","GPN","N1","670"
"S1P1","1310","Nproprio","Gapping","GPN","N2","1650"
"S1P1","510","Nproprio","Gapping","GPN","PP","430"
"S1P1","910","Nproprio","Gapping","GPN","N1","1000"
"S1P1","1620","Ncomum","Gapping","GN","N2","2120"
"S1P1","910","Nproprio","Gapping","GPN","PP","490"
"S1P1","1040","Ncomum","Nongapping","NGN","N1","960"
"S1P1","1040","Ncomum","Nongapping","NGN","N2","640"
"S1P1","1040","Ncomum","Nongapping","NGN","PP","900"
"S1P1","1440","Ncomum","Nongapping","NGN","N1","1560"
"S1P1","1440","Ncomum","Nongapping","NGN","N2","510"
"S1P1","1440","Ncomum","Nongapping","NGN","PP","820"
"S1P1","240","Ncomum","Nongapping","NGN","N1","1110"
"S1P1","240","Ncomum","Nongapping","NGN","N2","610"
"S1P1","240","Ncomum","Nongapping","NGN","PP","1090"
"S1P1","640","Ncomum","Nongapping","NGN","N1","640"
"S1P1","640","Ncomum","Nongapping","NGN","N2","300"
"S1P1","640","Ncomum","Nongapping","NGN","PP","470"
"S1P1","1130","Nproprio","Nongapping","NGPN","N1","1300"
"S1P1","1130","Nproprio","Nongapping","NGPN","N2","660"
"S1P1","1130","Nproprio","Nongapping","NGPN","PP","400"
"S1P1","1530","Nproprio","Nongapping","NGPN","N1","1840"
"S1P1","1530","Nproprio","Nongapping","NGPN","N2","2980"
"S1P1","1530","Nproprio","Nongapping","NGPN","PP","1140"
"S1P1","330","Nproprio","Nongapping","NGPN","N1","770"
"S1P1","330","Nproprio","Nongapping","NGPN","N2","830"
"S1P1","330","Nproprio","Nongapping","NGPN","PP","290"
"S1P1","730","Nproprio","Nongapping","NGPN","N1","840"
"S1P1","730","Nproprio","Nongapping","NGPN","N2","950"
"S1P1","730","Nproprio","Nongapping","NGPN","PP","630"
"S1P2","1220","Ncomum","Gapping","GN","N1","1650"
"S1P2","110","Nproprio","Gapping","GPN","N2","1100"
"S1P2","1220","Ncomum","Gapping","GN","PP","990"
"S1P2","1620","Ncomum","Gapping","GN","N1","3140"
"S1P2","420","Ncomum","Gapping","GN","N2","920"
"S1P2","1620","Ncomum","Gapping","GN","PP","1190"
"S1P2","420","Ncomum","Gapping","GN","N1","1550"
"S1P2","510","Nproprio","Gapping","GPN","N2","1790"
"S1P2","420","Ncomum","Gapping","GN","PP","710"
"S1P2","820","Ncomum","Gapping","GN","N1","1970"
"S1P2","820","Ncomum","Gapping","GN","N2","2050"
"S1P2","820","Ncomum","Gapping","GN","PP","3240"
"S1P2","110","Nproprio","Gapping","GPN","N1","1940"
"S1P2","910","Nproprio","Gapping","GPN","N2","640"
"S1P2","110","Nproprio","Gapping","GPN","PP","470"
"S1P2","1310","Nproprio","Gapping","GPN","N1","1860"
"S1P2","1220","Ncomum","Gapping","GN","N2","1020"
"S1P2","1310","Nproprio","Gapping","GPN","PP","3040"
"S1P2","510","Nproprio","Gapping","GPN","N1","2730"
"S1P2","1310","Nproprio","Gapping","GPN","N2","2230"
"S1P2","510","Nproprio","Gapping","GPN","PP","1270"
"S1P2","910","Nproprio","Gapping","GPN","N1","1370"
"S1P2","1620","Ncomum","Gapping","GN","N2","2730"
"S1P2","910","Nproprio","Gapping","GPN","PP","1440"
"S1P2","1040","Ncomum","Nongapping","NGN","N1","1760"
"S1P2","1040","Ncomum","Nongapping","NGN","N2","1390"
"S1P2","1040","Ncomum","Nongapping","NGN","PP","1210"
"S1P2","1440","Ncomum","Nongapping","NGN","N1","2130"
"S1P2","1440","Ncomum","Nongapping","NGN","N2","1570"
"S1P2","1440","Ncomum","Nongapping","NGN","PP","1360"
"S1P2","240","Ncomum","Nongapping","NGN","N1","2130"
"S1P2","240","Ncomum","Nongapping","NGN","N2","730"
"S1P2","240","Ncomum","Nongapping","NGN","PP","1340"
"S1P2","640","Ncomum","Nongapping","NGN","N1","1530"
"S1P2","640","Ncomum","Nongapping","NGN","N2","550"
"S1P2","640","Ncomum","Nongapping","NGN","PP","740"
"S1P2","1130","Nproprio","Nongapping","NGPN","N1","2660"
"S1P2","1130","Nproprio","Nongapping","NGPN","N2","1580"
"S1P2","1130","Nproprio","Nongapping","NGPN","PP","2170"
"S1P2","1530","Nproprio","Nongapping","NGPN","N1","1670"
"S1P2","1530","Nproprio","Nongapping","NGPN","N2","1710"
"S1P2","1530","Nproprio","Nongapping","NGPN","PP","2130"
"S1P2","330","Nproprio","Nongapping","NGPN","N1","1920"
"S1P2","330","Nproprio","Nongapping","NGPN","N2","700"
"S1P2","330","Nproprio","Nongapping","NGPN","PP","650"
"S1P2","730","Nproprio","Nongapping","NGPN","N1","2430"
"S1P2","730","Nproprio","Nongapping","NGPN","N2","1390"
"S1P2","730","Nproprio","Nongapping","NGPN","PP","1360"
"S1P3","1220","Ncomum","Gapping","GN","N1","520"
"S1P3","110","Nproprio","Gapping","GPN","N2","270"
"S1P3","1220","Ncomum","Gapping","GN","PP","960"
"S1P3","1620","Ncomum","Gapping","GN","N1","460"
"S1P3","420","Ncomum","Gapping","GN","N2","680"
"S1P3","1620","Ncomum","Gapping","GN","PP","1030"
"S1P3","420","Ncomum","Gapping","GN","N1","520"
"S1P3","510","Nproprio","Gapping","GPN","N2","400"
"S1P3","420","Ncomum","Gapping","GN","PP","950"
"S1P3","820","Ncomum","Gapping","GN","N1","1040"
"S1P3","820","Ncomum","Gapping","GN","N2","1030"
"S1P3","820","Ncomum","Gapping","GN","PP","1510"
"S1P3","110","Nproprio","Gapping","GPN","N1","260"
"S1P3","910","Nproprio","Gapping","GPN","N2","660"
"S1P3","110","Nproprio","Gapping","GPN","PP","780"
"S1P3","1310","Nproprio","Gapping","GPN","N1","550"
"S1P3","1220","Ncomum","Gapping","GN","N2","740"
"S1P3","1310","Nproprio","Gapping","GPN","PP","520"
"S1P3","510","Nproprio","Gapping","GPN","N1","680"
"S1P3","1310","Nproprio","Gapping","GPN","N2","490"
"S1P3","510","Nproprio","Gapping","GPN","PP","570"
"S1P3","910","Nproprio","Gapping","GPN","N1","920"
"S1P3","1620","Ncomum","Gapping","GN","N2","200"
"S1P3","910","Nproprio","Gapping","GPN","PP","720"
"S1P3","1040","Ncomum","Nongapping","NGN","N1","780"
"S1P3","1040","Ncomum","Nongapping","NGN","N2","480"
"S1P3","1040","Ncomum","Nongapping","NGN","PP","540"
"S1P3","1440","Ncomum","Nongapping","NGN","N1","780"
"S1P3","1440","Ncomum","Nongapping","NGN","N2","260"
"S1P3","1440","Ncomum","Nongapping","NGN","PP","920"
"S1P3","240","Ncomum","Nongapping","NGN","N1","270"
"S1P3","240","Ncomum","Nongapping","NGN","N2","440"
"S1P3","240","Ncomum","Nongapping","NGN","PP","470"
"S1P3","640","Ncomum","Nongapping","NGN","N1","580"
"S1P3","640","Ncomum","Nongapping","NGN","N2","440"
"S1P3","640","Ncomum","Nongapping","NGN","PP","430"
"S1P3","1130","Nproprio","Nongapping","NGPN","N1","1560"
"S1P3","1130","Nproprio","Nongapping","NGPN","N2","320"
"S1P3","1130","Nproprio","Nongapping","NGPN","PP","590"
"S1P3","1530","Nproprio","Nongapping","NGPN","N1","550"
"S1P3","1530","Nproprio","Nongapping","NGPN","N2","660"
"S1P3","1530","Nproprio","Nongapping","NGPN","PP","890"
"S1P3","330","Nproprio","Nongapping","NGPN","N1","600"
"S1P3","330","Nproprio","Nongapping","NGPN","N2","570"
"S1P3","330","Nproprio","Nongapping","NGPN","PP","250"
"S1P3","730","Nproprio","Nongapping","NGPN","N1","600"
"S1P3","730","Nproprio","Nongapping","NGPN","N2","420"
"S1P3","730","Nproprio","Nongapping","NGPN","PP","500"
"S1P4","1220","Ncomum","Gapping","GN","N1","680"
"S1P4","110","Nproprio","Gapping","GPN","N2","650"
"S1P4","1220","Ncomum","Gapping","GN","PP","1610"
"S1P4","1620","Ncomum","Gapping","GN","N1","1350"
"S1P4","420","Ncomum","Gapping","GN","N2","1060"
"S1P4","1620","Ncomum","Gapping","GN","PP","600"
"S1P4","420","Ncomum","Gapping","GN","N1","1050"
"S1P4","510","Nproprio","Gapping","GPN","N2","1210"
"S1P4","420","Ncomum","Gapping","GN","PP","1100"
"S1P4","820","Ncomum","Gapping","GN","N1","1010"
"S1P4","820","Ncomum","Gapping","GN","N2","1080"
"S1P4","820","Ncomum","Gapping","GN","PP","910"
"S1P4","110","Nproprio","Gapping","GPN","N1","880"
"S1P4","910","Nproprio","Gapping","GPN","N2","860"
"S1P4","110","Nproprio","Gapping","GPN","PP","670"
"S1P4","1310","Nproprio","Gapping","GPN","N1","1220"
"S1P4","1220","Ncomum","Gapping","GN","N2","830"
"S1P4","1310","Nproprio","Gapping","GPN","PP","740"
"S1P4","510","Nproprio","Gapping","GPN","N1","930"
"S1P4","1310","Nproprio","Gapping","GPN","N2","880"
"S1P4","510","Nproprio","Gapping","GPN","PP","1380"
"S1P4","910","Nproprio","Gapping","GPN","N1","1930"
"S1P4","1620","Ncomum","Gapping","GN","N2","830"
"S1P4","910","Nproprio","Gapping","GPN","PP","680"
"S1P4","1040","Ncomum","Nongapping","NGN","N1","2060"
"S1P4","1040","Ncomum","Nongapping","NGN","N2","770"
"S1P4","1040","Ncomum","Nongapping","NGN","PP","1640"
"S1P4","1440","Ncomum","Nongapping","NGN","N1","1710"
"S1P4","1440","Ncomum","Nongapping","NGN","N2","1020"
"S1P4","1440","Ncomum","Nongapping","NGN","PP","1890"
"S1P4","240","Ncomum","Nongapping","NGN","N1","1860"
"S1P4","240","Ncomum","Nongapping","NGN","N2","600"
"S1P4","240","Ncomum","Nongapping","NGN","PP","970"
"S1P4","640","Ncomum","Nongapping","NGN","N1","1230"
"S1P4","640","Ncomum","Nongapping","NGN","N2","900"
"S1P4","640","Ncomum","Nongapping","NGN","PP","1080"
"S1P4","1130","Nproprio","Nongapping","NGPN","N1","1630"
"S1P4","1130","Nproprio","Nongapping","NGPN","N2","700"
"S1P4","1130","Nproprio","Nongapping","NGPN","PP","1260"
"S1P4","1530","Nproprio","Nongapping","NGPN","N1","1330"
"S1P4","1530","Nproprio","Nongapping","NGPN","N2","1420"
"S1P4","1530","Nproprio","Nongapping","NGPN","PP","1740"
"S1P4","330","Nproprio","Nongapping","NGPN","N1","1320"
"S1P4","330","Nproprio","Nongapping","NGPN","N2","790"
"S1P4","330","Nproprio","Nongapping","NGPN","PP","1190"
"S1P4","730","Nproprio","Nongapping","NGPN","N1","1370"
"S1P4","730","Nproprio","Nongapping","NGPN","N2","1020"
"S1P4","730","Nproprio","Nongapping","NGPN","PP","960"
"S1P6","1220","Ncomum","Gapping","GN","N1","1000"
"S1P6","110","Nproprio","Gapping","GPN","N2","270"
"S1P6","1220","Ncomum","Gapping","GN","PP","1110"
"S1P6","1620","Ncomum","Gapping","GN","N1","360"
"S1P6","420","Ncomum","Gapping","GN","N2","950"
"S1P6","1620","Ncomum","Gapping","GN","PP","970"
"S1P6","420","Ncomum","Gapping","GN","N1","720"
"S1P6","510","Nproprio","Gapping","GPN","N2","1000"
"S1P6","420","Ncomum","Gapping","GN","PP","1090"
"S1P6","820","Ncomum","Gapping","GN","N1","1020"
"S1P6","820","Ncomum","Gapping","GN","N2","310"
"S1P6","820","Ncomum","Gapping","GN","PP","740"
"S1P6","110","Nproprio","Gapping","GPN","N1","990"
"S1P6","910","Nproprio","Gapping","GPN","N2","780"
"S1P6","110","Nproprio","Gapping","GPN","PP","400"
"S1P6","1310","Nproprio","Gapping","GPN","N1","490"
"S1P6","1220","Ncomum","Gapping","GN","N2","540"
"S1P6","1310","Nproprio","Gapping","GPN","PP","620"
"S1P6","510","Nproprio","Gapping","GPN","N1","680"
"S1P6","1310","Nproprio","Gapping","GPN","N2","250"
"S1P6","510","Nproprio","Gapping","GPN","PP","330"
"S1P6","910","Nproprio","Gapping","GPN","N1","1000"
"S1P6","1620","Ncomum","Gapping","GN","N2","750"
"S1P6","910","Nproprio","Gapping","GPN","PP","660"
"S1P6","1040","Ncomum","Nongapping","NGN","N1","840"
"S1P6","1040","Ncomum","Nongapping","NGN","N2","210"
"S1P6","1040","Ncomum","Nongapping","NGN","PP","830"
"S1P6","1440","Ncomum","Nongapping","NGN","N1","2000"
"S1P6","1440","Ncomum","Nongapping","NGN","N2","510"
"S1P6","1440","Ncomum","Nongapping","NGN","PP","700"
"S1P6","240","Ncomum","Nongapping","NGN","N1","530"
"S1P6","240","Ncomum","Nongapping","NGN","N2","210"
"S1P6","240","Ncomum","Nongapping","NGN","PP","1000"
"S1P6","640","Ncomum","Nongapping","NGN","N1","350"
"S1P6","640","Ncomum","Nongapping","NGN","N2","350"
"S1P6","640","Ncomum","Nongapping","NGN","PP","1300"
"S1P6","1130","Nproprio","Nongapping","NGPN","N1","1160"
"S1P6","1130","Nproprio","Nongapping","NGPN","N2","260"
"S1P6","1130","Nproprio","Nongapping","NGPN","PP","1450"
"S1P6","1530","Nproprio","Nongapping","NGPN","N1","370"
"S1P6","1530","Nproprio","Nongapping","NGPN","N2","480"
"S1P6","1530","Nproprio","Nongapping","NGPN","PP","840"
"S1P6","330","Nproprio","Nongapping","NGPN","N1","610"
"S1P6","330","Nproprio","Nongapping","NGPN","N2","770"
"S1P6","330","Nproprio","Nongapping","NGPN","PP","780"
"S1P6","730","Nproprio","Nongapping","NGPN","N1","600"
"S1P6","730","Nproprio","Nongapping","NGPN","N2","890"
"S1P6","730","Nproprio","Nongapping","NGPN","PP","240"
"S1P7","1220","Ncomum","Gapping","GN","N1","250"
"S1P7","110","Nproprio","Gapping","GPN","N2","2060"
"S1P7","1220","Ncomum","Gapping","GN","PP","830"
"S1P7","1620","Ncomum","Gapping","GN","N1","1300"
"S1P7","420","Ncomum","Gapping","GN","N2","1370"
"S1P7","1620","Ncomum","Gapping","GN","PP","1970"
"S1P7","420","Ncomum","Gapping","GN","N1","1420"
"S1P7","510","Nproprio","Gapping","GPN","N2","550"
"S1P7","420","Ncomum","Gapping","GN","PP","850"
"S1P7","820","Ncomum","Gapping","GN","N1","700"
"S1P7","820","Ncomum","Gapping","GN","N2","1030"
"S1P7","820","Ncomum","Gapping","GN","PP","2230"
"S1P7","110","Nproprio","Gapping","GPN","N1","2320"
"S1P7","910","Nproprio","Gapping","GPN","N2","1630"
"S1P7","110","Nproprio","Gapping","GPN","PP","3010"
"S1P7","1310","Nproprio","Gapping","GPN","N1","1880"
"S1P7","1220","Ncomum","Gapping","GN","N2","380"
"S1P7","1310","Nproprio","Gapping","GPN","PP","1400"
"S1P7","510","Nproprio","Gapping","GPN","N1","1070"
"S1P7","1310","Nproprio","Gapping","GPN","N2","2300"
"S1P7","510","Nproprio","Gapping","GPN","PP","970"
"S1P7","910","Nproprio","Gapping","GPN","N1","1590"
"S1P7","1620","Ncomum","Gapping","GN","N2","1150"
"S1P7","910","Nproprio","Gapping","GPN","PP","1020"
"S1P7","1040","Ncomum","Nongapping","NGN","N1","1390"
"S1P7","1040","Ncomum","Nongapping","NGN","N2","1070"
"S1P7","1040","Ncomum","Nongapping","NGN","PP","1280"
"S1P7","1440","Ncomum","Nongapping","NGN","N1","1130"
"S1P7","1440","Ncomum","Nongapping","NGN","N2","570"
"S1P7","1440","Ncomum","Nongapping","NGN","PP","1180"
"S1P7","240","Ncomum","Nongapping","NGN","N1","490"
"S1P7","240","Ncomum","Nongapping","NGN","N2","520"
"S1P7","240","Ncomum","Nongapping","NGN","PP","2000"
"S1P7","640","Ncomum","Nongapping","NGN","N1","1170"
"S1P7","640","Ncomum","Nongapping","NGN","N2","290"
"S1P7","640","Ncomum","Nongapping","NGN","PP","1580"
"S1P7","1130","Nproprio","Nongapping","NGPN","N1","1620"
"S1P7","1130","Nproprio","Nongapping","NGPN","N2","1440"
"S1P7","1130","Nproprio","Nongapping","NGPN","PP","1850"
"S1P7","1530","Nproprio","Nongapping","NGPN","N1","940"
"S1P7","1530","Nproprio","Nongapping","NGPN","N2","1470"
"S1P7","1530","Nproprio","Nongapping","NGPN","PP","1640"
"S1P7","330","Nproprio","Nongapping","NGPN","N1","1670"
"S1P7","330","Nproprio","Nongapping","NGPN","N2","1010"
"S1P7","330","Nproprio","Nongapping","NGPN","PP","770"
"S1P7","730","Nproprio","Nongapping","NGPN","N1","2150"
"S1P7","730","Nproprio","Nongapping","NGPN","N2","1090"
"S1P7","730","Nproprio","Nongapping","NGPN","PP","940"
"S2P1","120","Ncomum","Gapping","GN","N1","280"
"S2P1","120","Ncomum","Gapping","GN","N2","680"
"S2P1","120","Ncomum","Gapping","GN","PP","930"
"S2P1","1320","Ncomum","Gapping","GN","N1","1450"
"S2P1","210","Nproprio","Gapping","GPN","N2","850"
"S2P1","1320","Ncomum","Gapping","GN","PP","950"
"S2P1","520","Ncomum","Gapping","GN","N1","1710"
"S2P1","520","Ncomum","Gapping","GN","N2","250"
"S2P1","520","Ncomum","Gapping","GN","PP","2690"
"S2P1","920","Ncomum","Gapping","GN","N1","840"
"S2P1","610","Nproprio","Gapping","GPN","N2","1150"
"S2P1","920","Ncomum","Gapping","GN","PP","2380"
"S2P1","1010","Nproprio","Gapping","GPN","N1","3260"
"S2P1","920","Ncomum","Gapping","GN","N2","900"
"S2P1","1010","Nproprio","Gapping","GPN","PP","1440"
"S2P1","1410","Nproprio","Gapping","GPN","N1","2130"
"S2P1","1010","Nproprio","Gapping","GPN","N2","1140"
"S2P1","1410","Nproprio","Gapping","GPN","PP","1700"
"S2P1","210","Nproprio","Gapping","GPN","N1","3020"
"S2P1","1320","Ncomum","Gapping","GN","N2","2100"
"S2P1","210","Nproprio","Gapping","GPN","PP","2630"
"S2P1","610","Nproprio","Gapping","GPN","N1","2310"
"S2P1","1410","Nproprio","Gapping","GPN","N2","1090"
"S2P1","610","Nproprio","Gapping","GPN","PP","1620"
"S2P1","1140","Ncomum","Nongapping","NGN","N1","1300"
"S2P1","1140","Ncomum","Nongapping","NGN","N2","590"
"S2P1","1140","Ncomum","Nongapping","NGN","PP","740"
"S2P1","1540","Ncomum","Nongapping","NGN","N1","3270"
"S2P1","1540","Ncomum","Nongapping","NGN","N2","700"
"S2P1","1540","Ncomum","Nongapping","NGN","PP","3610"
"S2P1","340","Ncomum","Nongapping","NGN","N1","1910"
"S2P1","340","Ncomum","Nongapping","NGN","N2","970"
"S2P1","340","Ncomum","Nongapping","NGN","PP","2610"
"S2P1","740","Ncomum","Nongapping","NGN","N1","1350"
"S2P1","740","Ncomum","Nongapping","NGN","N2","1500"
"S2P1","740","Ncomum","Nongapping","NGN","PP","1750"
"S2P1","1230","Nproprio","Nongapping","NGPN","N1","1360"
"S2P1","1230","Nproprio","Nongapping","NGPN","N2","1320"
"S2P1","1230","Nproprio","Nongapping","NGPN","PP","1140"
"S2P1","1630","Nproprio","Nongapping","NGPN","N1","1630"
"S2P1","1630","Nproprio","Nongapping","NGPN","N2","490"
"S2P1","1630","Nproprio","Nongapping","NGPN","PP","1420"
"S2P1","430","Nproprio","Nongapping","NGPN","N1","2230"
"S2P1","430","Nproprio","Nongapping","NGPN","N2","1030"
"S2P1","430","Nproprio","Nongapping","NGPN","PP","2390"
"S2P1","830","Nproprio","Nongapping","NGPN","N1","960"
"S2P1","830","Nproprio","Nongapping","NGPN","N2","1000"
"S2P1","830","Nproprio","Nongapping","NGPN","PP","1480"
"S2P3","120","Ncomum","Gapping","GN","N1","860"
"S2P3","120","Ncomum","Gapping","GN","N2","1250"
"S2P3","120","Ncomum","Gapping","GN","PP","1190"
"S2P3","1320","Ncomum","Gapping","GN","N1","1360"
"S2P3","210","Nproprio","Gapping","GPN","N2","2120"
"S2P3","1320","Ncomum","Gapping","GN","PP","830"
"S2P3","520","Ncomum","Gapping","GN","N1","1070"
"S2P3","520","Ncomum","Gapping","GN","N2","630"
"S2P3","520","Ncomum","Gapping","GN","PP","1480"
"S2P3","920","Ncomum","Gapping","GN","N1","460"
"S2P3","610","Nproprio","Gapping","GPN","N2","3300"
"S2P3","920","Ncomum","Gapping","GN","PP","1120"
"S2P3","1010","Nproprio","Gapping","GPN","N1","590"
"S2P3","920","Ncomum","Gapping","GN","N2","540"
"S2P3","1010","Nproprio","Gapping","GPN","PP","700"
"S2P3","1410","Nproprio","Gapping","GPN","N1","1560"
"S2P3","1010","Nproprio","Gapping","GPN","N2","770"
"S2P3","1410","Nproprio","Gapping","GPN","PP","1180"
"S2P3","210","Nproprio","Gapping","GPN","N1","500"
"S2P3","1320","Ncomum","Gapping","GN","N2","2580"
"S2P3","210","Nproprio","Gapping","GPN","PP","2310"
"S2P3","610","Nproprio","Gapping","GPN","N1","1590"
"S2P3","1410","Nproprio","Gapping","GPN","N2","620"
"S2P3","610","Nproprio","Gapping","GPN","PP","2840"
"S2P3","1140","Ncomum","Nongapping","NGN","N1","690"
"S2P3","1140","Ncomum","Nongapping","NGN","N2","680"
"S2P3","1140","Ncomum","Nongapping","NGN","PP","760"
"S2P3","1540","Ncomum","Nongapping","NGN","N1","2440"
"S2P3","1540","Ncomum","Nongapping","NGN","N2","2030"
"S2P3","1540","Ncomum","Nongapping","NGN","PP","1590"
"S2P3","340","Ncomum","Nongapping","NGN","N1","1170"
"S2P3","340","Ncomum","Nongapping","NGN","N2","2640"
"S2P3","340","Ncomum","Nongapping","NGN","PP","1190"
"S2P3","740","Ncomum","Nongapping","NGN","N1","2480"
"S2P3","740","Ncomum","Nongapping","NGN","N2","2080"
"S2P3","740","Ncomum","Nongapping","NGN","PP","920"
"S2P3","1230","Nproprio","Nongapping","NGPN","N1","930"
"S2P3","1230","Nproprio","Nongapping","NGPN","N2","570"
"S2P3","1230","Nproprio","Nongapping","NGPN","PP","2130"
"S2P3","1630","Nproprio","Nongapping","NGPN","N1","1100"
"S2P3","1630","Nproprio","Nongapping","NGPN","N2","750"
"S2P3","1630","Nproprio","Nongapping","NGPN","PP","2010"
"S2P3","430","Nproprio","Nongapping","NGPN","N1","830"
"S2P3","430","Nproprio","Nongapping","NGPN","N2","950"
"S2P3","430","Nproprio","Nongapping","NGPN","PP","1400"
"S2P3","830","Nproprio","Nongapping","NGPN","N1","2170"
"S2P3","830","Nproprio","Nongapping","NGPN","N2","770"
"S2P3","830","Nproprio","Nongapping","NGPN","PP","1570"
"S2P4","120","Ncomum","Gapping","GN","N1","1380"
"S2P4","120","Ncomum","Gapping","GN","N2","1160"
"S2P4","120","Ncomum","Gapping","GN","PP","740"
"S2P4","1320","Ncomum","Gapping","GN","N1","580"
"S2P4","210","Nproprio","Gapping","GPN","N2","930"
"S2P4","1320","Ncomum","Gapping","GN","PP","1090"
"S2P4","520","Ncomum","Gapping","GN","N1","1010"
"S2P4","520","Ncomum","Gapping","GN","N2","1060"
"S2P4","520","Ncomum","Gapping","GN","PP","720"
"S2P4","920","Ncomum","Gapping","GN","N1","340"
"S2P4","610","Nproprio","Gapping","GPN","N2","880"
"S2P4","920","Ncomum","Gapping","GN","PP","1120"
"S2P4","1010","Nproprio","Gapping","GPN","N1","610"
"S2P4","920","Ncomum","Gapping","GN","N2","600"
"S2P4","1010","Nproprio","Gapping","GPN","PP","480"
"S2P4","1410","Nproprio","Gapping","GPN","N1","790"
"S2P4","1010","Nproprio","Gapping","GPN","N2","1150"
"S2P4","1410","Nproprio","Gapping","GPN","PP","610"
"S2P4","210","Nproprio","Gapping","GPN","N1","870"
"S2P4","1320","Ncomum","Gapping","GN","N2","1110"
"S2P4","210","Nproprio","Gapping","GPN","PP","890"
"S2P4","610","Nproprio","Gapping","GPN","N1","1000"
"S2P4","1410","Nproprio","Gapping","GPN","N2","540"
"S2P4","610","Nproprio","Gapping","GPN","PP","1270"
"S2P4","1140","Ncomum","Nongapping","NGN","N1","800"
"S2P4","1140","Ncomum","Nongapping","NGN","N2","530"
"S2P4","1140","Ncomum","Nongapping","NGN","PP","670"
"S2P4","1540","Ncomum","Nongapping","NGN","N1","720"
"S2P4","1540","Ncomum","Nongapping","NGN","N2","980"
"S2P4","1540","Ncomum","Nongapping","NGN","PP","810"
"S2P4","340","Ncomum","Nongapping","NGN","N1","910"
"S2P4","340","Ncomum","Nongapping","NGN","N2","880"
"S2P4","340","Ncomum","Nongapping","NGN","PP","570"
"S2P4","740","Ncomum","Nongapping","NGN","N1","1340"
"S2P4","740","Ncomum","Nongapping","NGN","N2","1660"
"S2P4","740","Ncomum","Nongapping","NGN","PP","1740"
"S2P4","1230","Nproprio","Nongapping","NGPN","N1","880"
"S2P4","1230","Nproprio","Nongapping","NGPN","N2","650"
"S2P4","1230","Nproprio","Nongapping","NGPN","PP","590"
"S2P4","1630","Nproprio","Nongapping","NGPN","N1","830"
"S2P4","1630","Nproprio","Nongapping","NGPN","N2","400"
"S2P4","1630","Nproprio","Nongapping","NGPN","PP","900"
"S2P4","430","Nproprio","Nongapping","NGPN","N1","1260"
"S2P4","430","Nproprio","Nongapping","NGPN","N2","580"
"S2P4","430","Nproprio","Nongapping","NGPN","PP","890"
"S2P4","830","Nproprio","Nongapping","NGPN","N1","640"
"S2P4","830","Nproprio","Nongapping","NGPN","N2","240"
"S2P4","830","Nproprio","Nongapping","NGPN","PP","1010"
"S2P5","120","Ncomum","Gapping","GN","N1","2150"
"S2P5","120","Ncomum","Gapping","GN","N2","1040"
"S2P5","120","Ncomum","Gapping","GN","PP","440"
"S2P5","1320","Ncomum","Gapping","GN","N1","520"
"S2P5","210","Nproprio","Gapping","GPN","N2","1370"
"S2P5","1320","Ncomum","Gapping","GN","PP","1520"
"S2P5","520","Ncomum","Gapping","GN","N1","420"
"S2P5","520","Ncomum","Gapping","GN","N2","900"
"S2P5","520","Ncomum","Gapping","GN","PP","790"
"S2P5","920","Ncomum","Gapping","GN","N1","720"
"S2P5","610","Nproprio","Gapping","GPN","N2","1980"
"S2P5","920","Ncomum","Gapping","GN","PP","1150"
"S2P5","1010","Nproprio","Gapping","GPN","N1","1170"
"S2P5","920","Ncomum","Gapping","GN","N2","1800"
"S2P5","1010","Nproprio","Gapping","GPN","PP","620"
"S2P5","1410","Nproprio","Gapping","GPN","N1","720"
"S2P5","1010","Nproprio","Gapping","GPN","N2","1640"
"S2P5","1410","Nproprio","Gapping","GPN","PP","650"
"S2P5","210","Nproprio","Gapping","GPN","N1","990"
"S2P5","1320","Ncomum","Gapping","GN","N2","540"
"S2P5","210","Nproprio","Gapping","GPN","PP","880"
"S2P5","610","Nproprio","Gapping","GPN","N1","770"
"S2P5","1410","Nproprio","Gapping","GPN","N2","1000"
"S2P5","610","Nproprio","Gapping","GPN","PP","1330"
"S2P5","1140","Ncomum","Nongapping","NGN","N1","1070"
"S2P5","1140","Ncomum","Nongapping","NGN","N2","950"
"S2P5","1140","Ncomum","Nongapping","NGN","PP","1140"
"S2P5","1540","Ncomum","Nongapping","NGN","N1","620"
"S2P5","1540","Ncomum","Nongapping","NGN","N2","700"
"S2P5","1540","Ncomum","Nongapping","NGN","PP","670"
"S2P5","340","Ncomum","Nongapping","NGN","N1","1840"
"S2P5","340","Ncomum","Nongapping","NGN","N2","980"
"S2P5","340","Ncomum","Nongapping","NGN","PP","790"
"S2P5","740","Ncomum","Nongapping","NGN","N1","580"
"S2P5","740","Ncomum","Nongapping","NGN","N2","430"
"S2P5","740","Ncomum","Nongapping","NGN","PP","610"
"S2P5","1230","Nproprio","Nongapping","NGPN","N1","400"
"S2P5","1230","Nproprio","Nongapping","NGPN","N2","430"
"S2P5","1230","Nproprio","Nongapping","NGPN","PP","890"
"S2P5","1630","Nproprio","Nongapping","NGPN","N1","530"
"S2P5","1630","Nproprio","Nongapping","NGPN","N2","410"
"S2P5","1630","Nproprio","Nongapping","NGPN","PP","760"
"S2P5","430","Nproprio","Nongapping","NGPN","N1","1020"
"S2P5","430","Nproprio","Nongapping","NGPN","N2","1530"
"S2P5","430","Nproprio","Nongapping","NGPN","PP","1370"
"S2P5","830","Nproprio","Nongapping","NGPN","N1","810"
"S2P5","830","Nproprio","Nongapping","NGPN","N2","400"
"S2P5","830","Nproprio","Nongapping","NGPN","PP","600"
"S2P6","120","Ncomum","Gapping","GN","N1","2550"
"S2P6","120","Ncomum","Gapping","GN","N2","2850"
"S2P6","120","Ncomum","Gapping","GN","PP","1170"
"S2P6","1320","Ncomum","Gapping","GN","N1","1380"
"S2P6","210","Nproprio","Gapping","GPN","N2","1690"
"S2P6","1320","Ncomum","Gapping","GN","PP","550"
"S2P6","520","Ncomum","Gapping","GN","N1","2370"
"S2P6","520","Ncomum","Gapping","GN","N2","1700"
"S2P6","520","Ncomum","Gapping","GN","PP","1060"
"S2P6","920","Ncomum","Gapping","GN","N1","710"
"S2P6","610","Nproprio","Gapping","GPN","N2","1790"
"S2P6","920","Ncomum","Gapping","GN","PP","880"
"S2P6","1010","Nproprio","Gapping","GPN","N1","1030"
"S2P6","920","Ncomum","Gapping","GN","N2","700"
"S2P6","1010","Nproprio","Gapping","GPN","PP","920"
"S2P6","1410","Nproprio","Gapping","GPN","N1","970"
"S2P6","1010","Nproprio","Gapping","GPN","N2","1090"
"S2P6","1410","Nproprio","Gapping","GPN","PP","1120"
"S2P6","210","Nproprio","Gapping","GPN","N1","2090"
"S2P6","1320","Ncomum","Gapping","GN","N2","1300"
"S2P6","210","Nproprio","Gapping","GPN","PP","640"
"S2P6","610","Nproprio","Gapping","GPN","N1","1940"
"S2P6","1410","Nproprio","Gapping","GPN","N2","1070"
"S2P6","610","Nproprio","Gapping","GPN","PP","1010"
"S2P6","1140","Ncomum","Nongapping","NGN","N1","2380"
"S2P6","1140","Ncomum","Nongapping","NGN","N2","1270"
"S2P6","1140","Ncomum","Nongapping","NGN","PP","760"
"S2P6","1540","Ncomum","Nongapping","NGN","N1","1110"
"S2P6","1540","Ncomum","Nongapping","NGN","N2","1810"
"S2P6","1540","Ncomum","Nongapping","NGN","PP","2430"
"S2P6","340","Ncomum","Nongapping","NGN","N1","2060"
"S2P6","340","Ncomum","Nongapping","NGN","N2","1300"
"S2P6","340","Ncomum","Nongapping","NGN","PP","1120"
"S2P6","740","Ncomum","Nongapping","NGN","N1","2590"
"S2P6","740","Ncomum","Nongapping","NGN","N2","3090"
"S2P6","740","Ncomum","Nongapping","NGN","PP","1580"
"S2P6","1230","Nproprio","Nongapping","NGPN","N1","2230"
"S2P6","1230","Nproprio","Nongapping","NGPN","N2","1250"
"S2P6","1230","Nproprio","Nongapping","NGPN","PP","1690"
"S2P6","1630","Nproprio","Nongapping","NGPN","N1","1450"
"S2P6","1630","Nproprio","Nongapping","NGPN","N2","1170"
"S2P6","1630","Nproprio","Nongapping","NGPN","PP","1430"
"S2P6","430","Nproprio","Nongapping","NGPN","N1","760"
"S2P6","430","Nproprio","Nongapping","NGPN","N2","820"
"S2P6","430","Nproprio","Nongapping","NGPN","PP","730"
"S2P6","830","Nproprio","Nongapping","NGPN","N1","2090"
"S2P6","830","Nproprio","Nongapping","NGPN","N2","1200"
"S2P6","830","Nproprio","Nongapping","NGPN","PP","2460"
"S2P7","120","Ncomum","Gapping","GN","N1","2460"
"S2P7","120","Ncomum","Gapping","GN","N2","1680"
"S2P7","120","Ncomum","Gapping","GN","PP","2490"
"S2P7","1320","Ncomum","Gapping","GN","N1","1250"
"S2P7","210","Nproprio","Gapping","GPN","N2","960"
"S2P7","1320","Ncomum","Gapping","GN","PP","2500"
"S2P7","520","Ncomum","Gapping","GN","N1","1980"
"S2P7","520","Ncomum","Gapping","GN","N2","980"
"S2P7","520","Ncomum","Gapping","GN","PP","1150"
"S2P7","920","Ncomum","Gapping","GN","N1","760"
"S2P7","610","Nproprio","Gapping","GPN","N2","1690"
"S2P7","1010","Nproprio","Gapping","GPN","N1","920"
"S2P7","920","Ncomum","Gapping","GN","N2","490"
"S2P7","1010","Nproprio","Gapping","GPN","PP","690"
"S2P7","1410","Nproprio","Gapping","GPN","N1","1330"
"S2P7","1010","Nproprio","Gapping","GPN","N2","980"
"S2P7","1410","Nproprio","Gapping","GPN","PP","980"
"S2P7","210","Nproprio","Gapping","GPN","N1","470"
"S2P7","1320","Ncomum","Gapping","GN","N2","1300"
"S2P7","210","Nproprio","Gapping","GPN","PP","1080"
"S2P7","610","Nproprio","Gapping","GPN","N1","1590"
"S2P7","1410","Nproprio","Gapping","GPN","N2","860"
"S2P7","610","Nproprio","Gapping","GPN","PP","1480"
"S2P7","1140","Ncomum","Nongapping","NGN","N1","1090"
"S2P7","1140","Ncomum","Nongapping","NGN","N2","1040"
"S2P7","1140","Ncomum","Nongapping","NGN","PP","1010"
"S2P7","1540","Ncomum","Nongapping","NGN","N1","2800"
"S2P7","1540","Ncomum","Nongapping","NGN","N2","1710"
"S2P7","1540","Ncomum","Nongapping","NGN","PP","2090"
"S2P7","340","Ncomum","Nongapping","NGN","N1","3230"
"S2P7","340","Ncomum","Nongapping","NGN","N2","1050"
"S2P7","340","Ncomum","Nongapping","NGN","PP","2420"
"S2P7","740","Ncomum","Nongapping","NGN","N1","560"
"S2P7","740","Ncomum","Nongapping","NGN","N2","710"
"S2P7","740","Ncomum","Nongapping","NGN","PP","860"
"S2P7","1230","Nproprio","Nongapping","NGPN","N1","2900"
"S2P7","1230","Nproprio","Nongapping","NGPN","N2","980"
"S2P7","1230","Nproprio","Nongapping","NGPN","PP","2240"
"S2P7","1630","Nproprio","Nongapping","NGPN","N1","1200"
"S2P7","1630","Nproprio","Nongapping","NGPN","N2","590"
"S2P7","1630","Nproprio","Nongapping","NGPN","PP","790"
"S2P7","430","Nproprio","Nongapping","NGPN","N1","1510"
"S2P7","430","Nproprio","Nongapping","NGPN","N2","700"
"S2P7","430","Nproprio","Nongapping","NGPN","PP","770"
"S2P7","830","Nproprio","Nongapping","NGPN","N1","770"
"S2P7","830","Nproprio","Nongapping","NGPN","N2","460"
"S2P7","830","Nproprio","Nongapping","NGPN","PP","860"
"S3P1","1020","Ncomum","Gapping","GN","N1","2050"
"S3P1","220","Ncomum","Gapping","GN","N2","2490"
"S3P1","1020","Ncomum","Gapping","GN","PP","1950"
"S3P1","1420","Ncomum","Gapping","GN","N1","1200"
"S3P1","310","Nproprio","Gapping","GPN","N2","1230"
"S3P1","1420","Ncomum","Gapping","GN","PP","860"
"S3P1","220","Ncomum","Gapping","GN","N1","1260"
"S3P1","620","Ncomum","Gapping","GN","N2","2900"
"S3P1","220","Ncomum","Gapping","GN","PP","960"
"S3P1","620","Ncomum","Gapping","GN","N1","2550"
"S3P1","710","Nproprio","Gapping","GPN","N2","1470"
"S3P1","620","Ncomum","Gapping","GN","PP","1000"
"S3P1","1110","Nproprio","Gapping","GPN","N1","860"
"S3P1","1020","Ncomum","Gapping","GN","N2","2200"
"S3P1","1110","Nproprio","Gapping","GPN","PP","950"
"S3P1","1510","Nproprio","Gapping","GPN","N1","650"
"S3P1","1110","Nproprio","Gapping","GPN","N2","530"
"S3P1","1510","Nproprio","Gapping","GPN","PP","740"
"S3P1","310","Nproprio","Gapping","GPN","N1","1020"
"S3P1","1420","Ncomum","Gapping","GN","N2","950"
"S3P1","310","Nproprio","Gapping","GPN","PP","480"
"S3P1","710","Nproprio","Gapping","GPN","N1","1980"
"S3P1","1510","Nproprio","Gapping","GPN","N2","440"
"S3P1","710","Nproprio","Gapping","GPN","PP","770"
"S3P1","1240","Ncomum","Nongapping","NGN","N1","1230"
"S3P1","1240","Ncomum","Nongapping","NGN","N2","680"
"S3P1","1240","Ncomum","Nongapping","NGN","PP","920"
"S3P1","1640","Ncomum","Nongapping","NGN","N1","900"
"S3P1","1640","Ncomum","Nongapping","NGN","N2","710"
"S3P1","1640","Ncomum","Nongapping","NGN","PP","1130"
"S3P1","440","Ncomum","Nongapping","NGN","N1","1050"
"S3P1","440","Ncomum","Nongapping","NGN","N2","950"
"S3P1","440","Ncomum","Nongapping","NGN","PP","1200"
"S3P1","840","Ncomum","Nongapping","NGN","N1","810"
"S3P1","840","Ncomum","Nongapping","NGN","N2","700"
"S3P1","840","Ncomum","Nongapping","NGN","PP","1100"
"S3P1","130","Nproprio","Nongapping","NGPN","N1","430"
"S3P1","130","Nproprio","Nongapping","NGPN","N2","590"
"S3P1","130","Nproprio","Nongapping","NGPN","PP","500"
"S3P1","1330","Nproprio","Nongapping","NGPN","N1","670"
"S3P1","1330","Nproprio","Nongapping","NGPN","N2","760"
"S3P1","1330","Nproprio","Nongapping","NGPN","PP","1310"
"S3P1","530","Nproprio","Nongapping","NGPN","N1","1390"
"S3P1","530","Nproprio","Nongapping","NGPN","N2","2130"
"S3P1","530","Nproprio","Nongapping","NGPN","PP","850"
"S3P1","930","Nproprio","Nongapping","NGPN","N1","980"
"S3P1","930","Nproprio","Nongapping","NGPN","N2","1350"
"S3P1","930","Nproprio","Nongapping","NGPN","PP","1090"
"S3P2","1020","Ncomum","Gapping","GN","N1","350"
"S3P2","220","Ncomum","Gapping","GN","N2","760"
"S3P2","1020","Ncomum","Gapping","GN","PP","880"
"S3P2","1420","Ncomum","Gapping","GN","N1","370"
"S3P2","310","Nproprio","Gapping","GPN","N2","630"
"S3P2","1420","Ncomum","Gapping","GN","PP","1330"
"S3P2","220","Ncomum","Gapping","GN","N1","1330"
"S3P2","620","Ncomum","Gapping","GN","N2","790"
"S3P2","220","Ncomum","Gapping","GN","PP","600"
"S3P2","620","Ncomum","Gapping","GN","N1","380"
"S3P2","710","Nproprio","Gapping","GPN","N2","510"
"S3P2","620","Ncomum","Gapping","GN","PP","460"
"S3P2","1110","Nproprio","Gapping","GPN","N1","620"
"S3P2","1020","Ncomum","Gapping","GN","N2","200"
"S3P2","1110","Nproprio","Gapping","GPN","PP","570"
"S3P2","1510","Nproprio","Gapping","GPN","N1","1330"
"S3P2","1110","Nproprio","Gapping","GPN","N2","460"
"S3P2","1510","Nproprio","Gapping","GPN","PP","1270"
"S3P2","310","Nproprio","Gapping","GPN","N1","580"
"S3P2","1420","Ncomum","Gapping","GN","N2","620"
"S3P2","310","Nproprio","Gapping","GPN","PP","340"
"S3P2","710","Nproprio","Gapping","GPN","N1","330"
"S3P2","1510","Nproprio","Gapping","GPN","N2","1980"
"S3P2","710","Nproprio","Gapping","GPN","PP","190"
"S3P2","1240","Ncomum","Nongapping","NGN","N1","720"
"S3P2","1240","Ncomum","Nongapping","NGN","N2","240"
"S3P2","1240","Ncomum","Nongapping","NGN","PP","690"
"S3P2","1640","Ncomum","Nongapping","NGN","N1","900"
"S3P2","1640","Ncomum","Nongapping","NGN","N2","730"
"S3P2","1640","Ncomum","Nongapping","NGN","PP","930"
"S3P2","440","Ncomum","Nongapping","NGN","N1","740"
"S3P2","440","Ncomum","Nongapping","NGN","N2","690"
"S3P2","440","Ncomum","Nongapping","NGN","PP","690"
"S3P2","840","Ncomum","Nongapping","NGN","N1","590"
"S3P2","840","Ncomum","Nongapping","NGN","N2","150"
"S3P2","840","Ncomum","Nongapping","NGN","PP","580"
"S3P2","130","Nproprio","Nongapping","NGPN","N1","1370"
"S3P2","130","Nproprio","Nongapping","NGPN","N2","410"
"S3P2","130","Nproprio","Nongapping","NGPN","PP","470"
"S3P2","1330","Nproprio","Nongapping","NGPN","N1","830"
"S3P2","1330","Nproprio","Nongapping","NGPN","N2","760"
"S3P2","1330","Nproprio","Nongapping","NGPN","PP","570"
"S3P2","530","Nproprio","Nongapping","NGPN","N1","870"
"S3P2","530","Nproprio","Nongapping","NGPN","N2","1040"
"S3P2","530","Nproprio","Nongapping","NGPN","PP","680"
"S3P2","930","Nproprio","Nongapping","NGPN","N1","650"
"S3P2","930","Nproprio","Nongapping","NGPN","N2","220"
"S3P2","930","Nproprio","Nongapping","NGPN","PP","1360"
"S3P4","1020","Ncomum","Gapping","GN","N1","1990"
"S3P4","220","Ncomum","Gapping","GN","N2","1160"
"S3P4","1020","Ncomum","Gapping","GN","PP","360"
"S3P4","1420","Ncomum","Gapping","GN","N1","410"
"S3P4","310","Nproprio","Gapping","GPN","N2","820"
"S3P4","1420","Ncomum","Gapping","GN","PP","630"
"S3P4","220","Ncomum","Gapping","GN","N1","1420"
"S3P4","620","Ncomum","Gapping","GN","N2","410"
"S3P4","220","Ncomum","Gapping","GN","PP","800"
"S3P4","620","Ncomum","Gapping","GN","N1","330"
"S3P4","710","Nproprio","Gapping","GPN","N2","440"
"S3P4","620","Ncomum","Gapping","GN","PP","940"
"S3P4","1110","Nproprio","Gapping","GPN","N1","270"
"S3P4","1020","Ncomum","Gapping","GN","N2","1030"
"S3P4","1110","Nproprio","Gapping","GPN","PP","790"
"S3P4","1510","Nproprio","Gapping","GPN","N1","540"
"S3P4","1110","Nproprio","Gapping","GPN","N2","190"
"S3P4","1510","Nproprio","Gapping","GPN","PP","710"
"S3P4","310","Nproprio","Gapping","GPN","N1","820"
"S3P4","1420","Ncomum","Gapping","GN","N2","740"
"S3P4","310","Nproprio","Gapping","GPN","PP","510"
"S3P4","710","Nproprio","Gapping","GPN","N1","1600"
"S3P4","1510","Nproprio","Gapping","GPN","N2","620"
"S3P4","710","Nproprio","Gapping","GPN","PP","450"
"S3P4","1240","Ncomum","Nongapping","NGN","N1","410"
"S3P4","1240","Ncomum","Nongapping","NGN","N2","830"
"S3P4","1240","Ncomum","Nongapping","NGN","PP","990"
"S3P4","1640","Ncomum","Nongapping","NGN","N1","560"
"S3P4","1640","Ncomum","Nongapping","NGN","N2","410"
"S3P4","1640","Ncomum","Nongapping","NGN","PP","1460"
"S3P4","440","Ncomum","Nongapping","NGN","N1","1210"
"S3P4","440","Ncomum","Nongapping","NGN","N2","260"
"S3P4","440","Ncomum","Nongapping","NGN","PP","510"
"S3P4","840","Ncomum","Nongapping","NGN","N1","730"
"S3P4","840","Ncomum","Nongapping","NGN","N2","610"
"S3P4","840","Ncomum","Nongapping","NGN","PP","940"
"S3P4","130","Nproprio","Nongapping","NGPN","N1","320"
"S3P4","130","Nproprio","Nongapping","NGPN","N2","440"
"S3P4","130","Nproprio","Nongapping","NGPN","PP","370"
"S3P4","1330","Nproprio","Nongapping","NGPN","N1","980"
"S3P4","1330","Nproprio","Nongapping","NGPN","N2","500"
"S3P4","1330","Nproprio","Nongapping","NGPN","PP","650"
"S3P4","530","Nproprio","Nongapping","NGPN","N1","1040"
"S3P4","530","Nproprio","Nongapping","NGPN","N2","250"
"S3P4","530","Nproprio","Nongapping","NGPN","PP","1110"
"S3P4","930","Nproprio","Nongapping","NGPN","N1","640"
"S3P4","930","Nproprio","Nongapping","NGPN","N2","480"
"S3P4","930","Nproprio","Nongapping","NGPN","PP","590"
"S3P5","1020","Ncomum","Gapping","GN","N1","1150"
"S3P5","220","Ncomum","Gapping","GN","N2","1420"
"S3P5","1020","Ncomum","Gapping","GN","PP","1260"
"S3P5","1420","Ncomum","Gapping","GN","N1","2230"
"S3P5","310","Nproprio","Gapping","GPN","N2","1310"
"S3P5","1420","Ncomum","Gapping","GN","PP","1780"
"S3P5","220","Ncomum","Gapping","GN","N1","950"
"S3P5","620","Ncomum","Gapping","GN","N2","940"
"S3P5","220","Ncomum","Gapping","GN","PP","180"
"S3P5","620","Ncomum","Gapping","GN","N1","1230"
"S3P5","710","Nproprio","Gapping","GPN","N2","1440"
"S3P5","620","Ncomum","Gapping","GN","PP","850"
"S3P5","1110","Nproprio","Gapping","GPN","N1","820"
"S3P5","1020","Ncomum","Gapping","GN","N2","1330"
"S3P5","1110","Nproprio","Gapping","GPN","PP","1770"
"S3P5","1510","Nproprio","Gapping","GPN","N1","1540"
"S3P5","1110","Nproprio","Gapping","GPN","N2","770"
"S3P5","1510","Nproprio","Gapping","GPN","PP","1990"
"S3P5","310","Nproprio","Gapping","GPN","N1","1120"
"S3P5","1420","Ncomum","Gapping","GN","N2","2300"
"S3P5","310","Nproprio","Gapping","GPN","PP","620"
"S3P5","710","Nproprio","Gapping","GPN","N1","1280"
"S3P5","1510","Nproprio","Gapping","GPN","N2","1430"
"S3P5","710","Nproprio","Gapping","GPN","PP","620"
"S3P5","1240","Ncomum","Nongapping","NGN","N1","900"
"S3P5","1240","Ncomum","Nongapping","NGN","N2","830"
"S3P5","1240","Ncomum","Nongapping","NGN","PP","1950"
"S3P5","1640","Ncomum","Nongapping","NGN","N1","700"
"S3P5","1640","Ncomum","Nongapping","NGN","N2","1340"
"S3P5","1640","Ncomum","Nongapping","NGN","PP","2180"
"S3P5","440","Ncomum","Nongapping","NGN","N1","1310"
"S3P5","440","Ncomum","Nongapping","NGN","N2","650"
"S3P5","440","Ncomum","Nongapping","NGN","PP","1280"
"S3P5","840","Ncomum","Nongapping","NGN","N1","1210"
"S3P5","840","Ncomum","Nongapping","NGN","N2","1060"
"S3P5","840","Ncomum","Nongapping","NGN","PP","1080"
"S3P5","130","Nproprio","Nongapping","NGPN","N1","840"
"S3P5","130","Nproprio","Nongapping","NGPN","N2","1270"
"S3P5","130","Nproprio","Nongapping","NGPN","PP","1020"
"S3P5","1330","Nproprio","Nongapping","NGPN","N1","1750"
"S3P5","1330","Nproprio","Nongapping","NGPN","N2","1240"
"S3P5","1330","Nproprio","Nongapping","NGPN","PP","1070"
"S3P5","530","Nproprio","Nongapping","NGPN","N1","890"
"S3P5","530","Nproprio","Nongapping","NGPN","N2","750"
"S3P5","530","Nproprio","Nongapping","NGPN","PP","860"
"S3P5","930","Nproprio","Nongapping","NGPN","N1","2320"
"S3P5","930","Nproprio","Nongapping","NGPN","N2","1070"
"S3P5","930","Nproprio","Nongapping","NGPN","PP","1520"
"S3P6","1020","Ncomum","Gapping","GN","N1","610"
"S3P6","220","Ncomum","Gapping","GN","N2","1380"
"S3P6","1020","Ncomum","Gapping","GN","PP","750"
"S3P6","1420","Ncomum","Gapping","GN","N1","1370"
"S3P6","310","Nproprio","Gapping","GPN","N2","1430"
"S3P6","1420","Ncomum","Gapping","GN","PP","1480"
"S3P6","220","Ncomum","Gapping","GN","N1","1390"
"S3P6","620","Ncomum","Gapping","GN","N2","1290"
"S3P6","220","Ncomum","Gapping","GN","PP","2140"
"S3P6","620","Ncomum","Gapping","GN","N1","1090"
"S3P6","710","Nproprio","Gapping","GPN","N2","650"
"S3P6","620","Ncomum","Gapping","GN","PP","1190"
"S3P6","1110","Nproprio","Gapping","GPN","N1","1670"
"S3P6","1020","Ncomum","Gapping","GN","N2","880"
"S3P6","1110","Nproprio","Gapping","GPN","PP","1770"
"S3P6","1510","Nproprio","Gapping","GPN","N1","1630"
"S3P6","1110","Nproprio","Gapping","GPN","N2","1710"
"S3P6","1510","Nproprio","Gapping","GPN","PP","870"
"S3P6","310","Nproprio","Gapping","GPN","N1","1300"
"S3P6","1420","Ncomum","Gapping","GN","N2","3410"
"S3P6","310","Nproprio","Gapping","GPN","PP","950"
"S3P6","710","Nproprio","Gapping","GPN","N1","480"
"S3P6","1510","Nproprio","Gapping","GPN","N2","1810"
"S3P6","710","Nproprio","Gapping","GPN","PP","900"
"S3P6","1240","Ncomum","Nongapping","NGN","N1","960"
"S3P6","1240","Ncomum","Nongapping","NGN","N2","520"
"S3P6","1240","Ncomum","Nongapping","NGN","PP","1240"
"S3P6","1640","Ncomum","Nongapping","NGN","N1","1510"
"S3P6","1640","Ncomum","Nongapping","NGN","N2","1360"
"S3P6","1640","Ncomum","Nongapping","NGN","PP","2320"
"S3P6","440","Ncomum","Nongapping","NGN","N1","1000"
"S3P6","440","Ncomum","Nongapping","NGN","N2","320"
"S3P6","440","Ncomum","Nongapping","NGN","PP","600"
"S3P6","840","Ncomum","Nongapping","NGN","N1","1210"
"S3P6","840","Ncomum","Nongapping","NGN","N2","880"
"S3P6","840","Ncomum","Nongapping","NGN","PP","900"
"S3P6","130","Nproprio","Nongapping","NGPN","N1","1550"
"S3P6","130","Nproprio","Nongapping","NGPN","N2","1630"
"S3P6","130","Nproprio","Nongapping","NGPN","PP","1630"
"S3P6","1330","Nproprio","Nongapping","NGPN","N1","740"
"S3P6","1330","Nproprio","Nongapping","NGPN","N2","780"
"S3P6","1330","Nproprio","Nongapping","NGPN","PP","1730"
"S3P6","530","Nproprio","Nongapping","NGPN","N1","1110"
"S3P6","530","Nproprio","Nongapping","NGPN","N2","370"
"S3P6","530","Nproprio","Nongapping","NGPN","PP","640"
"S3P6","930","Nproprio","Nongapping","NGPN","N1","1090"
"S3P6","930","Nproprio","Nongapping","NGPN","N2","610"
"S3P6","930","Nproprio","Nongapping","NGPN","PP","1350"
"S3P7","1020","Ncomum","Gapping","GN","N1","990"
"S3P7","220","Ncomum","Gapping","GN","N2","1910"
"S3P7","1020","Ncomum","Gapping","GN","PP","930"
"S3P7","1420","Ncomum","Gapping","GN","N1","930"
"S3P7","310","Nproprio","Gapping","GPN","N2","1630"
"S3P7","1420","Ncomum","Gapping","GN","PP","1170"
"S3P7","220","Ncomum","Gapping","GN","N1","1560"
"S3P7","620","Ncomum","Gapping","GN","N2","1770"
"S3P7","220","Ncomum","Gapping","GN","PP","960"
"S3P7","620","Ncomum","Gapping","GN","N1","2000"
"S3P7","710","Nproprio","Gapping","GPN","N2","1010"
"S3P7","620","Ncomum","Gapping","GN","PP","1020"
"S3P7","1110","Nproprio","Gapping","GPN","N1","1590"
"S3P7","1020","Ncomum","Gapping","GN","N2","2420"
"S3P7","1110","Nproprio","Gapping","GPN","PP","2370"
"S3P7","1510","Nproprio","Gapping","GPN","N1","1990"
"S3P7","1110","Nproprio","Gapping","GPN","N2","2600"
"S3P7","1510","Nproprio","Gapping","GPN","PP","1740"
"S3P7","310","Nproprio","Gapping","GPN","N1","1360"
"S3P7","1420","Ncomum","Gapping","GN","N2","2040"
"S3P7","310","Nproprio","Gapping","GPN","PP","1610"
"S3P7","710","Nproprio","Gapping","GPN","N1","1310"
"S3P7","1510","Nproprio","Gapping","GPN","N2","1720"
"S3P7","710","Nproprio","Gapping","GPN","PP","740"
"S3P7","1240","Ncomum","Nongapping","NGN","N1","1410"
"S3P7","1240","Ncomum","Nongapping","NGN","N2","990"
"S3P7","1240","Ncomum","Nongapping","NGN","PP","1600"
"S3P7","1640","Ncomum","Nongapping","NGN","N1","670"
"S3P7","1640","Ncomum","Nongapping","NGN","N2","1140"
"S3P7","1640","Ncomum","Nongapping","NGN","PP","1280"
"S3P7","440","Ncomum","Nongapping","NGN","N1","790"
"S3P7","440","Ncomum","Nongapping","NGN","N2","690"
"S3P7","440","Ncomum","Nongapping","NGN","PP","1850"
"S3P7","840","Ncomum","Nongapping","NGN","N1","1050"
"S3P7","840","Ncomum","Nongapping","NGN","N2","910"
"S3P7","840","Ncomum","Nongapping","NGN","PP","1610"
"S3P7","130","Nproprio","Nongapping","NGPN","N1","1620"
"S3P7","130","Nproprio","Nongapping","NGPN","N2","1310"
"S3P7","130","Nproprio","Nongapping","NGPN","PP","500"
"S3P7","1330","Nproprio","Nongapping","NGPN","N1","2050"
"S3P7","1330","Nproprio","Nongapping","NGPN","N2","810"
"S3P7","1330","Nproprio","Nongapping","NGPN","PP","1200"
"S3P7","530","Nproprio","Nongapping","NGPN","N1","2280"
"S3P7","530","Nproprio","Nongapping","NGPN","N2","2250"
"S3P7","530","Nproprio","Nongapping","NGPN","PP","2330"
"S3P7","930","Nproprio","Nongapping","NGPN","N1","1170"
"S3P7","930","Nproprio","Nongapping","NGPN","N2","1120"
"S3P7","930","Nproprio","Nongapping","NGPN","PP","1620"
"S4P1","1120","Ncomum","Gapping","GN","N1","1310"
"S4P1","320","Ncomum","Gapping","GN","N2","2230"
"S4P1","1120","Ncomum","Gapping","GN","PP","1570"
"S4P1","1520","Ncomum","Gapping","GN","N1","4930"
"S4P1","410","Nproprio","Gapping","GPN","N2","830"
"S4P1","1520","Ncomum","Gapping","GN","PP","3800"
"S4P1","320","Ncomum","Gapping","GN","N1","2020"
"S4P1","720","Ncomum","Gapping","GN","N2","1630"
"S4P1","320","Ncomum","Gapping","GN","PP","1190"
"S4P1","720","Ncomum","Gapping","GN","N1","1680"
"S4P1","810","Nproprio","Gapping","GPN","N2","930"
"S4P1","720","Ncomum","Gapping","GN","PP","2210"
"S4P1","1210","Nproprio","Gapping","GPN","N1","1190"
"S4P1","1120","Ncomum","Gapping","GN","N2","1050"
"S4P1","1210","Nproprio","Gapping","GPN","PP","1860"
"S4P1","1610","Nproprio","Gapping","GPN","N1","1580"
"S4P1","1210","Nproprio","Gapping","GPN","N2","1350"
"S4P1","1610","Nproprio","Gapping","GPN","PP","3820"
"S4P1","410","Nproprio","Gapping","GPN","N1","1110"
"S4P1","1520","Ncomum","Gapping","GN","N2","2770"
"S4P1","410","Nproprio","Gapping","GPN","PP","970"
"S4P1","810","Nproprio","Gapping","GPN","N1","1120"
"S4P1","1610","Nproprio","Gapping","GPN","N2","2520"
"S4P1","810","Nproprio","Gapping","GPN","PP","920"
"S4P1","1340","Ncomum","Nongapping","NGN","N1","1130"
"S4P1","1340","Ncomum","Nongapping","NGN","N2","960"
"S4P1","1340","Ncomum","Nongapping","NGN","PP","1560"
"S4P1","140","Ncomum","Nongapping","NGN","N1","540"
"S4P1","140","Ncomum","Nongapping","NGN","N2","1120"
"S4P1","140","Ncomum","Nongapping","NGN","PP","560"
"S4P1","540","Ncomum","Nongapping","NGN","N1","530"
"S4P1","540","Ncomum","Nongapping","NGN","N2","1110"
"S4P1","540","Ncomum","Nongapping","NGN","PP","340"
"S4P1","940","Ncomum","Nongapping","NGN","N1","1610"
"S4P1","940","Ncomum","Nongapping","NGN","N2","650"
"S4P1","940","Ncomum","Nongapping","NGN","PP","2400"
"S4P1","1030","Nproprio","Nongapping","NGPN","N1","2340"
"S4P1","1030","Nproprio","Nongapping","NGPN","N2","660"
"S4P1","1030","Nproprio","Nongapping","NGPN","PP","980"
"S4P1","1430","Nproprio","Nongapping","NGPN","N1","2960"
"S4P1","1430","Nproprio","Nongapping","NGPN","N2","1640"
"S4P1","1430","Nproprio","Nongapping","NGPN","PP","1510"
"S4P1","230","Nproprio","Nongapping","NGPN","N1","2130"
"S4P1","230","Nproprio","Nongapping","NGPN","N2","230"
"S4P1","230","Nproprio","Nongapping","NGPN","PP","1120"
"S4P1","630","Nproprio","Nongapping","NGPN","N1","1670"
"S4P1","630","Nproprio","Nongapping","NGPN","N2","660"
"S4P1","630","Nproprio","Nongapping","NGPN","PP","1540"
"S4P2","1120","Ncomum","Gapping","GN","N1","390"
"S4P2","320","Ncomum","Gapping","GN","N2","1170"
"S4P2","1120","Ncomum","Gapping","GN","PP","930"
"S4P2","1520","Ncomum","Gapping","GN","N1","1560"
"S4P2","410","Nproprio","Gapping","GPN","N2","500"
"S4P2","1520","Ncomum","Gapping","GN","PP","2740"
"S4P2","320","Ncomum","Gapping","GN","N1","800"
"S4P2","720","Ncomum","Gapping","GN","N2","1480"
"S4P2","320","Ncomum","Gapping","GN","PP","1130"
"S4P2","720","Ncomum","Gapping","GN","N1","1650"
"S4P2","810","Nproprio","Gapping","GPN","N2","910"
"S4P2","720","Ncomum","Gapping","GN","PP","730"
"S4P2","1210","Nproprio","Gapping","GPN","N1","1090"
"S4P2","1120","Ncomum","Gapping","GN","N2","460"
"S4P2","1210","Nproprio","Gapping","GPN","PP","2800"
"S4P2","1610","Nproprio","Gapping","GPN","N1","810"
"S4P2","1210","Nproprio","Gapping","GPN","N2","910"
"S4P2","1610","Nproprio","Gapping","GPN","PP","1120"
"S4P2","410","Nproprio","Gapping","GPN","N1","880"
"S4P2","1520","Ncomum","Gapping","GN","N2","1550"
"S4P2","410","Nproprio","Gapping","GPN","PP","710"
"S4P2","810","Nproprio","Gapping","GPN","N1","450"
"S4P2","1610","Nproprio","Gapping","GPN","N2","1120"
"S4P2","810","Nproprio","Gapping","GPN","PP","570"
"S4P2","1340","Ncomum","Nongapping","NGN","N1","1350"
"S4P2","1340","Ncomum","Nongapping","NGN","N2","470"
"S4P2","1340","Ncomum","Nongapping","NGN","PP","850"
"S4P2","140","Ncomum","Nongapping","NGN","N1","530"
"S4P2","140","Ncomum","Nongapping","NGN","N2","570"
"S4P2","140","Ncomum","Nongapping","NGN","PP","810"
"S4P2","540","Ncomum","Nongapping","NGN","N1","850"
"S4P2","540","Ncomum","Nongapping","NGN","N2","1070"
"S4P2","540","Ncomum","Nongapping","NGN","PP","450"
"S4P2","940","Ncomum","Nongapping","NGN","N1","490"
"S4P2","940","Ncomum","Nongapping","NGN","N2","440"
"S4P2","940","Ncomum","Nongapping","NGN","PP","870"
"S4P2","1030","Nproprio","Nongapping","NGPN","N1","520"
"S4P2","1030","Nproprio","Nongapping","NGPN","N2","470"
"S4P2","1030","Nproprio","Nongapping","NGPN","PP","700"
"S4P2","1430","Nproprio","Nongapping","NGPN","N1","760"
"S4P2","1430","Nproprio","Nongapping","NGPN","N2","540"
"S4P2","1430","Nproprio","Nongapping","NGPN","PP","1050"
"S4P2","230","Nproprio","Nongapping","NGPN","N1","970"
"S4P2","230","Nproprio","Nongapping","NGPN","N2","720"
"S4P2","230","Nproprio","Nongapping","NGPN","PP","1100"
"S4P2","630","Nproprio","Nongapping","NGPN","N1","540"
"S4P2","630","Nproprio","Nongapping","NGPN","N2","560"
"S4P2","630","Nproprio","Nongapping","NGPN","PP","700"
"S4P3","1120","Ncomum","Gapping","GN","N1","740"
"S4P3","320","Ncomum","Gapping","GN","N2","880"
"S4P3","1120","Ncomum","Gapping","GN","PP","810"
"S4P3","1520","Ncomum","Gapping","GN","N1","510"
"S4P3","410","Nproprio","Gapping","GPN","N2","1270"
"S4P3","1520","Ncomum","Gapping","GN","PP","1360"
"S4P3","320","Ncomum","Gapping","GN","N1","710"
"S4P3","720","Ncomum","Gapping","GN","N2","2360"
"S4P3","320","Ncomum","Gapping","GN","PP","2150"
"S4P3","720","Ncomum","Gapping","GN","N1","1470"
"S4P3","810","Nproprio","Gapping","GPN","N2","970"
"S4P3","720","Ncomum","Gapping","GN","PP","2130"
"S4P3","1210","Nproprio","Gapping","GPN","N1","910"
"S4P3","1120","Ncomum","Gapping","GN","N2","440"
"S4P3","1210","Nproprio","Gapping","GPN","PP","2010"
"S4P3","1610","Nproprio","Gapping","GPN","N1","1540"
"S4P3","1210","Nproprio","Gapping","GPN","N2","760"
"S4P3","1610","Nproprio","Gapping","GPN","PP","2170"
"S4P3","410","Nproprio","Gapping","GPN","N1","1430"
"S4P3","1520","Ncomum","Gapping","GN","N2","1320"
"S4P3","410","Nproprio","Gapping","GPN","PP","1320"
"S4P3","810","Nproprio","Gapping","GPN","N1","840"
"S4P3","1610","Nproprio","Gapping","GPN","N2","2420"
"S4P3","810","Nproprio","Gapping","GPN","PP","1230"
"S4P3","1340","Ncomum","Nongapping","NGN","N1","900"
"S4P3","1340","Ncomum","Nongapping","NGN","N2","790"
"S4P3","1340","Ncomum","Nongapping","NGN","PP","2820"
"S4P3","140","Ncomum","Nongapping","NGN","N1","770"
"S4P3","140","Ncomum","Nongapping","NGN","N2","650"
"S4P3","140","Ncomum","Nongapping","NGN","PP","1090"
"S4P3","540","Ncomum","Nongapping","NGN","N1","730"
"S4P3","540","Ncomum","Nongapping","NGN","N2","220"
"S4P3","540","Ncomum","Nongapping","NGN","PP","1390"
"S4P3","940","Ncomum","Nongapping","NGN","N1","1000"
"S4P3","940","Ncomum","Nongapping","NGN","N2","640"
"S4P3","940","Ncomum","Nongapping","NGN","PP","1710"
"S4P3","1030","Nproprio","Nongapping","NGPN","N1","1920"
"S4P3","1030","Nproprio","Nongapping","NGPN","N2","860"
"S4P3","1030","Nproprio","Nongapping","NGPN","PP","1980"
"S4P3","1430","Nproprio","Nongapping","NGPN","N1","1500"
"S4P3","1430","Nproprio","Nongapping","NGPN","N2","1580"
"S4P3","1430","Nproprio","Nongapping","NGPN","PP","1360"
"S4P3","230","Nproprio","Nongapping","NGPN","N1","2310"
"S4P3","230","Nproprio","Nongapping","NGPN","N2","1370"
"S4P3","230","Nproprio","Nongapping","NGPN","PP","1840"
"S4P3","630","Nproprio","Nongapping","NGPN","N1","930"
"S4P3","630","Nproprio","Nongapping","NGPN","N2","610"
"S4P3","630","Nproprio","Nongapping","NGPN","PP","570"
"S4P5","1120","Ncomum","Gapping","GN","N1","2020"
"S4P5","320","Ncomum","Gapping","GN","N2","1580"
"S4P5","1120","Ncomum","Gapping","GN","PP","5250"
"S4P5","1520","Ncomum","Gapping","GN","N1","950"
"S4P5","410","Nproprio","Gapping","GPN","N2","530"
"S4P5","1520","Ncomum","Gapping","GN","PP","3280"
"S4P5","320","Ncomum","Gapping","GN","N1","730"
"S4P5","720","Ncomum","Gapping","GN","N2","910"
"S4P5","320","Ncomum","Gapping","GN","PP","1680"
"S4P5","720","Ncomum","Gapping","GN","N1","2270"
"S4P5","810","Nproprio","Gapping","GPN","N2","670"
"S4P5","720","Ncomum","Gapping","GN","PP","1450"
"S4P5","1210","Nproprio","Gapping","GPN","N1","2620"
"S4P5","1120","Ncomum","Gapping","GN","N2","2410"
"S4P5","1210","Nproprio","Gapping","GPN","PP","4080"
"S4P5","1610","Nproprio","Gapping","GPN","N1","3250"
"S4P5","1210","Nproprio","Gapping","GPN","N2","1700"
"S4P5","1610","Nproprio","Gapping","GPN","PP","1020"
"S4P5","410","Nproprio","Gapping","GPN","N1","660"
"S4P5","1520","Ncomum","Gapping","GN","N2","1280"
"S4P5","410","Nproprio","Gapping","GPN","PP","810"
"S4P5","810","Nproprio","Gapping","GPN","N1","690"
"S4P5","1610","Nproprio","Gapping","GPN","N2","2040"
"S4P5","810","Nproprio","Gapping","GPN","PP","990"
"S4P5","1340","Ncomum","Nongapping","NGN","N1","1630"
"S4P5","1340","Ncomum","Nongapping","NGN","N2","1330"
"S4P5","1340","Ncomum","Nongapping","NGN","PP","2440"
"S4P5","140","Ncomum","Nongapping","NGN","N1","2200"
"S4P5","140","Ncomum","Nongapping","NGN","N2","1400"
"S4P5","140","Ncomum","Nongapping","NGN","PP","1580"
"S4P5","540","Ncomum","Nongapping","NGN","N1","2010"
"S4P5","540","Ncomum","Nongapping","NGN","N2","1780"
"S4P5","540","Ncomum","Nongapping","NGN","PP","2580"
"S4P5","940","Ncomum","Nongapping","NGN","N1","1560"
"S4P5","940","Ncomum","Nongapping","NGN","N2","1490"
"S4P5","940","Ncomum","Nongapping","NGN","PP","1110"
"S4P5","1030","Nproprio","Nongapping","NGPN","N1","2750"
"S4P5","1030","Nproprio","Nongapping","NGPN","N2","1250"
"S4P5","1030","Nproprio","Nongapping","NGPN","PP","1770"
"S4P5","1430","Nproprio","Nongapping","NGPN","N1","1860"
"S4P5","1430","Nproprio","Nongapping","NGPN","N2","2270"
"S4P5","1430","Nproprio","Nongapping","NGPN","PP","1240"
"S4P5","230","Nproprio","Nongapping","NGPN","N1","1230"
"S4P5","230","Nproprio","Nongapping","NGPN","N2","460"
"S4P5","230","Nproprio","Nongapping","NGPN","PP","1580"
"S4P5","630","Nproprio","Nongapping","NGPN","N1","1940"
"S4P5","630","Nproprio","Nongapping","NGPN","N2","1160"
"S4P5","630","Nproprio","Nongapping","NGPN","PP","1000"
"S4P6","1120","Ncomum","Gapping","GN","N1","370"
"S4P6","320","Ncomum","Gapping","GN","N2","580"
"S4P6","1120","Ncomum","Gapping","GN","PP","140"
"S4P6","1520","Ncomum","Gapping","GN","N1","260"
"S4P6","410","Nproprio","Gapping","GPN","N2","510"
"S4P6","1520","Ncomum","Gapping","GN","PP","870"
"S4P6","320","Ncomum","Gapping","GN","N1","260"
"S4P6","720","Ncomum","Gapping","GN","N2","440"
"S4P6","320","Ncomum","Gapping","GN","PP","720"
"S4P6","720","Ncomum","Gapping","GN","N1","120"
"S4P6","720","Ncomum","Gapping","GN","PP","440"
"S4P6","1210","Nproprio","Gapping","GPN","N1","390"
"S4P6","1120","Ncomum","Gapping","GN","N2","310"
"S4P6","1210","Nproprio","Gapping","GPN","PP","620"
"S4P6","1610","Nproprio","Gapping","GPN","N1","370"
"S4P6","1210","Nproprio","Gapping","GPN","N2","310"
"S4P6","1610","Nproprio","Gapping","GPN","PP","460"
"S4P6","410","Nproprio","Gapping","GPN","N1","110"
"S4P6","1520","Ncomum","Gapping","GN","N2","470"
"S4P6","410","Nproprio","Gapping","GPN","PP","570"
"S4P6","810","Nproprio","Gapping","GPN","N1","130"
"S4P6","1610","Nproprio","Gapping","GPN","N2","240"
"S4P6","810","Nproprio","Gapping","GPN","PP","600"
"S4P6","1340","Ncomum","Nongapping","NGN","N1","340"
"S4P6","1340","Ncomum","Nongapping","NGN","N2","320"
"S4P6","1340","Ncomum","Nongapping","NGN","PP","570"
"S4P6","140","Ncomum","Nongapping","NGN","N1","260"
"S4P6","140","Ncomum","Nongapping","NGN","N2","480"
"S4P6","140","Ncomum","Nongapping","NGN","PP","330"
"S4P6","540","Ncomum","Nongapping","NGN","PP","200"
"S4P6","940","Ncomum","Nongapping","NGN","N1","490"
"S4P6","940","Ncomum","Nongapping","NGN","N2","200"
"S4P6","940","Ncomum","Nongapping","NGN","PP","630"
"S4P6","1030","Nproprio","Nongapping","NGPN","N2","780"
"S4P6","1030","Nproprio","Nongapping","NGPN","PP","290"
"S4P6","1430","Nproprio","Nongapping","NGPN","N1","670"
"S4P6","1430","Nproprio","Nongapping","NGPN","N2","730"
"S4P6","1430","Nproprio","Nongapping","NGPN","PP","380"
"S4P6","230","Nproprio","Nongapping","NGPN","N1","300"
"S4P6","230","Nproprio","Nongapping","NGPN","N2","230"
"S4P6","230","Nproprio","Nongapping","NGPN","PP","270"
"S4P6","630","Nproprio","Nongapping","NGPN","N1","110"
"S4P6","630","Nproprio","Nongapping","NGPN","PP","240"
"S4P7","1120","Ncomum","Gapping","GN","N1","1090"
"S4P7","320","Ncomum","Gapping","GN","N2","590"
"S4P7","1120","Ncomum","Gapping","GN","PP","1170"
"S4P7","1520","Ncomum","Gapping","GN","N1","1020"
"S4P7","410","Nproprio","Gapping","GPN","N2","530"
"S4P7","1520","Ncomum","Gapping","GN","PP","1490"
"S4P7","320","Ncomum","Gapping","GN","N1","750"
"S4P7","720","Ncomum","Gapping","GN","N2","520"
"S4P7","320","Ncomum","Gapping","GN","PP","740"
"S4P7","720","Ncomum","Gapping","GN","N1","610"
"S4P7","810","Nproprio","Gapping","GPN","N2","790"
"S4P7","720","Ncomum","Gapping","GN","PP","860"
"S4P7","1210","Nproprio","Gapping","GPN","N1","820"
"S4P7","1120","Ncomum","Gapping","GN","N2","830"
"S4P7","1210","Nproprio","Gapping","GPN","PP","1830"
"S4P7","1610","Nproprio","Gapping","GPN","N1","500"
"S4P7","1210","Nproprio","Gapping","GPN","N2","770"
"S4P7","1610","Nproprio","Gapping","GPN","PP","1820"
"S4P7","410","Nproprio","Gapping","GPN","N1","600"
"S4P7","1520","Ncomum","Gapping","GN","N2","1190"
"S4P7","410","Nproprio","Gapping","GPN","PP","810"
"S4P7","810","Nproprio","Gapping","GPN","N1","860"
"S4P7","1610","Nproprio","Gapping","GPN","N2","780"
"S4P7","810","Nproprio","Gapping","GPN","PP","1630"
"S4P7","1340","Ncomum","Nongapping","NGN","N1","570"
"S4P7","1340","Ncomum","Nongapping","NGN","N2","370"
"S4P7","1340","Ncomum","Nongapping","NGN","PP","1690"
"S4P7","140","Ncomum","Nongapping","NGN","N1","220"
"S4P7","140","Ncomum","Nongapping","NGN","N2","800"
"S4P7","140","Ncomum","Nongapping","NGN","PP","900"
"S4P7","540","Ncomum","Nongapping","NGN","N1","630"
"S4P7","540","Ncomum","Nongapping","NGN","N2","240"
"S4P7","540","Ncomum","Nongapping","NGN","PP","630"
"S4P7","940","Ncomum","Nongapping","NGN","N1","810"
"S4P7","940","Ncomum","Nongapping","NGN","N2","580"
"S4P7","940","Ncomum","Nongapping","NGN","PP","1190"
"S4P7","1030","Nproprio","Nongapping","NGPN","N1","810"
"S4P7","1030","Nproprio","Nongapping","NGPN","N2","490"
"S4P7","1030","Nproprio","Nongapping","NGPN","PP","970"
"S4P7","1430","Nproprio","Nongapping","NGPN","N1","1400"
"S4P7","1430","Nproprio","Nongapping","NGPN","N2","1450"
"S4P7","1430","Nproprio","Nongapping","NGPN","PP","3440"
"S4P7","230","Nproprio","Nongapping","NGPN","N1","720"
"S4P7","230","Nproprio","Nongapping","NGPN","N2","350"
"S4P7","230","Nproprio","Nongapping","NGPN","PP","1570"
"S4P7","630","Nproprio","Nongapping","NGPN","N1","920"
"S4P7","630","Nproprio","Nongapping","NGPN","N2","1020"
"S4P7","630","Nproprio","Nongapping","NGPN","PP","1540"
