"Subject","Group","Item","Escolha_attach","TR_Final","Cond","Adv_so","Verbo"
"S1","A","1622","Low","5971","V2","no","V2"
"S1","A","1412","Low","14876","SOV2","yes","V2"
"S1","A","1711","Low","22211","SOV1","yes","V1"
"S1","A","1012","Low","5128","SOV2","yes","V2"
"S1","A","911","Low","10049","SOV1","yes","V1"
"S1","A","1121","Low","7175","V1","no","V1"
"S1","A","1521","High","8542","V1","no","V1"
"S1","A","321","High","5432","V1","no","V1"
"S1","A","1222","High","9167","V2","no","V2"
"S1","A","511","Low","6296","SOV1","yes","V1"
"S1","A","212","High","6033","SOV2","yes","V2"
"S1","A","1812","High","4804","SOV2","yes","V2"
"S1","A","422","High","14321","V2","no","V2"
"S1","A","721","High","7515","V1","no","V1"
"S1","A","2022","Low","6647","V2","no","V2"
"S1","A","1921","High","14810","V1","no","V1"
"S1","A","1311","Low","6145","SOV1","yes","V1"
"S1","A","612","High","6950","SOV2","yes","V2"
"S1","A","822","Low","5294","V2","no","V2"
"S1","A","111","High","4991","SOV1","yes","V1"
"S2","A","2022","Low","9100","V2","no","V2"
"S2","A","1711","High","7984","SOV1","yes","V1"
"S2","A","111","Low","8518","SOV1","yes","V1"
"S2","A","822","Low","8518","V2","no","V2"
"S2","A","1311","Low","9498","SOV1","yes","V1"
"S2","A","1012","Low","5415","SOV2","yes","V2"
"S2","A","212","Low","7986","SOV2","yes","V2"
"S2","A","1622","Low","8318","V2","no","V2"
"S2","A","1921","Low","7404","V1","no","V1"
"S2","A","422","Low","8504","V2","no","V2"
"S2","A","911","Low","6413","SOV1","yes","V1"
"S2","A","721","Low","7584","V1","no","V1"
"S2","A","1222","Low","4801","V2","no","V2"
"S2","A","321","Low","4004","V1","no","V1"
"S2","A","1521","High","12814","V1","no","V1"
"S2","A","1812","Low","5434","SOV2","yes","V2"
"S2","A","511","Low","6926","SOV1","yes","V1"
"S2","A","1121","Low","5427","V1","no","V1"
"S2","A","612","High","7180","SOV2","yes","V2"
"S2","A","1412","Low","6390","SOV2","yes","V2"
"S3","A","1412","Low","8141","SOV2","yes","V2"
"S3","A","1222","Low","13785","V2","no","V2"
"S3","A","1121","Low","13008","V1","no","V1"
"S3","A","612","High","12224","SOV2","yes","V2"
"S3","A","1311","High","5381","SOV1","yes","V1"
"S3","A","422","Low","6159","V2","no","V2"
"S3","A","2022","Low","6761","V2","no","V2"
"S3","A","511","High","3960","SOV1","yes","V1"
"S3","A","1812","High","6479","SOV2","yes","V2"
"S3","A","822","High","5350","V2","no","V2"
"S3","A","1921","High","5049","V1","no","V1"
"S3","A","1711","High","7590","SOV1","yes","V1"
"S3","A","911","High","4811","SOV1","yes","V1"
"S3","A","212","High","4095","SOV2","yes","V2"
"S3","A","721","High","6670","V1","no","V1"
"S3","A","1521","High","4650","V1","no","V1"
"S3","A","1012","Low","4270","SOV2","yes","V2"
"S3","A","111","High","3010","SOV1","yes","V1"
"S3","A","321","Low","2239","V1","no","V1"
"S3","A","1622","Low","4040","V2","no","V2"
"S4","A","1222","Low","12587","V2","no","V2"
"S4","A","1521","High","9353","V1","no","V1"
"S4","A","612","Low","5683","SOV2","yes","V2"
"S4","A","1311","High","7435","SOV1","yes","V1"
"S4","A","1012","Low","5627","SOV2","yes","V2"
"S4","A","1121","High","5413","V1","no","V1"
"S4","A","1711","High","4436","SOV1","yes","V1"
"S4","A","1622","Low","5101","V2","no","V2"
"S4","A","721","High","6283","V1","no","V1"
"S4","A","822","Low","5380","V2","no","V2"
"S4","A","2022","Low","4798","V2","no","V2"
"S4","A","111","Low","4988","SOV1","yes","V1"
"S4","A","1812","Low","3064","SOV2","yes","V2"
"S4","A","1412","Low","2317","SOV2","yes","V2"
"S4","A","1921","High","2849","V1","no","V1"
"S4","A","212","Low","8130","SOV2","yes","V2"
"S4","A","911","High","6011","SOV1","yes","V1"
"S4","A","422","Low","5453","V2","no","V2"
"S4","A","511","High","3237","SOV1","yes","V1"
"S4","A","321","Low","6217","V1","no","V1"
"S5","B","621","Low","6256","V1","no","V1"
"S5","B","411","High","23359","SOV1","yes","V1"
"S5","B","912","High","10022","SOV2","yes","V2"
"S5","B","512","High","5672","SOV2","yes","V2"
"S5","B","722","Low","10200","V2","no","V2"
"S5","B","1312","Low","9088","SOV2","yes","V2"
"S5","B","322","High","6992","V2","no","V2"
"S5","B","2011","High","5271","SOV1","yes","V1"
"S5","B","1712","High","6128","SOV2","yes","V2"
"S5","B","1421","Low","3456","V1","no","V1"
"S5","B","1021","Low","2720","V1","no","V1"
"S5","B","112","Low","8792","SOV2","yes","V2"
"S5","B","221","Low","4249","V1","no","V1"
"S5","B","1922","Low","3384","V2","no","V2"
"S5","B","1611","Low","2279","SOV1","yes","V1"
"S5","B","811","High","4219","SOV1","yes","V1"
"S5","B","1821","Low","2768","V1","no","V1"
"S5","B","1122","Low","5976","V2","no","V2"
"S5","B","1211","Low","7535","SOV1","yes","V1"
"S5","B","1522","High","3712","V2","no","V2"
"S6","B","1211","Low","6972","SOV1","yes","V1"
"S6","B","411","Low","15420","SOV1","yes","V1"
"S6","B","1312","Low","15002","SOV2","yes","V2"
"S6","B","512","Low","9913","SOV2","yes","V2"
"S6","B","1421","Low","5202","V1","no","V1"
"S6","B","1821","High","18229","V1","no","V1"
"S6","B","2011","Low","10885","SOV1","yes","V1"
"S6","B","322","High","21200","V2","no","V2"
"S6","B","1611","Low","4112","SOV1","yes","V1"
"S6","B","722","Low","5179","V2","no","V2"
"S6","B","1122","Low","14205","V2","no","V2"
"S6","B","912","High","10950","SOV2","yes","V2"
"S6","B","1522","Low","12697","V2","no","V2"
"S6","B","1021","Low","8810","V1","no","V1"
"S6","B","1712","Low","11297","SOV2","yes","V2"
"S6","B","1922","Low","8920","V2","no","V2"
"S6","B","112","High","9305","SOV2","yes","V2"
"S6","B","221","High","7448","V1","no","V1"
"S6","B","811","High","7564","SOV1","yes","V1"
"S6","B","621","High","20229","V1","no","V1"
"S7","B","322","Low","17171","V2","no","V2"
"S7","B","1021","Low","17194","V1","no","V1"
"S7","B","1922","Low","5279","V2","no","V2"
"S7","B","1522","Low","17368","V2","no","V2"
"S7","B","912","Low","6836","SOV2","yes","V2"
"S7","B","1821","Low","6010","V1","no","V1"
"S7","B","1611","Low","6150","SOV1","yes","V1"
"S7","B","811","High","17094","SOV1","yes","V1"
"S7","B","722","Low","12477","V2","no","V2"
"S7","B","621","High","6613","V1","no","V1"
"S7","B","411","Low","9880","SOV1","yes","V1"
"S7","B","1421","Low","4301","V1","no","V1"
"S7","B","1211","Low","4139","SOV1","yes","V1"
"S7","B","512","High","4950","SOV2","yes","V2"
"S7","B","112","High","15140","SOV2","yes","V2"
"S7","B","2011","High","6353","SOV1","yes","V1"
"S7","B","1122","Low","25483","V2","no","V2"
"S7","B","221","Low","6825","V1","no","V1"
"S7","B","1712","Low","16718","SOV2","yes","V2"
"S7","B","1312","High","8389","SOV2","yes","V2"
"S8","B","1211","High","7618","SOV1","yes","V1"
"S8","B","112","High","5569","SOV2","yes","V2"
"S8","B","1821","Low","14614","V1","no","V1"
"S8","B","1922","High","5213","V2","no","V2"
"S8","B","221","High","6566","V1","no","V1"
"S8","B","1421","Low","3479","V1","no","V1"
"S8","B","1522","High","6116","V2","no","V2"
"S8","B","2011","Low","6501","SOV1","yes","V1"
"S8","B","411","Low","5213","SOV1","yes","V1"
"S8","B","1122","Low","4843","V2","no","V2"
"S8","B","621","Low","4373","V1","no","V1"
"S8","B","512","Low","5575","SOV2","yes","V2"
"S8","B","722","High","5117","V2","no","V2"
"S8","B","912","High","5849","SOV2","yes","V2"
"S8","B","811","High","5073","SOV1","yes","V1"
"S8","B","1712","Low","6065","SOV2","yes","V2"
"S8","B","1611","High","8740","SOV1","yes","V1"
"S8","B","322","High","6862","V2","no","V2"
"S8","B","1021","Low","3153","V1","no","V1"
"S8","B","1312","High","4218","SOV2","yes","V2"
"S9","B","221","Low","15446","V1","no","V1"
"S9","B","722","High","14759","V2","no","V2"
"S9","B","1421","Low","5489","V1","no","V1"
"S9","B","1712","Low","5490","SOV2","yes","V2"
"S9","B","621","High","6875","V1","no","V1"
"S9","B","912","High","10737","SOV2","yes","V2"
"S9","B","512","High","2196","SOV2","yes","V2"
"S9","B","2011","High","4616","SOV1","yes","V1"
"S9","B","1522","High","7044","V2","no","V2"
"S9","B","1922","Low","7790","V2","no","V2"
"S9","B","1211","High","3246","SOV1","yes","V1"
"S9","B","1122","Low","9224","V2","no","V2"
"S9","B","322","Low","8233","V2","no","V2"
"S9","B","1611","High","2476","SOV1","yes","V1"
"S9","B","1021","Low","2073","V1","no","V1"
"S9","B","1312","High","12840","SOV2","yes","V2"
"S9","B","1821","High","12750","V1","no","V1"
"S9","B","811","High","2409","SOV1","yes","V1"
"S9","B","411","High","2824","SOV1","yes","V1"
"S9","B","112","High","2983","SOV2","yes","V2"
"S10","B","621","Low","10051","V1","no","V1"
"S10","B","322","Low","27327","V2","no","V2"
"S10","B","1211","Low","33629","SOV1","yes","V1"
"S10","B","221","Low","7070","V1","no","V1"
"S10","B","1122","Low","34738","V2","no","V2"
"S10","B","2011","High","8286","SOV1","yes","V1"
"S10","B","411","High","7713","SOV1","yes","V1"
"S10","B","912","High","5810","SOV2","yes","V2"
"S10","B","112","High","5054","SOV2","yes","V2"
"S10","B","1611","Low","6676","SOV1","yes","V1"
"S10","B","1821","High","7530","V1","no","V1"
"S10","B","512","High","5775","SOV2","yes","V2"
"S10","B","1021","Low","3833","V1","no","V1"
"S10","B","1712","High","4600","SOV2","yes","V2"
"S10","B","811","High","4489","SOV1","yes","V1"
"S10","B","1421","Low","4083","V1","no","V1"
"S10","B","1312","High","6733","SOV2","yes","V2"
"S10","B","1522","Low","7682","V2","no","V2"
"S10","B","722","Low","5883","V2","no","V2"
"S10","B","1922","Low","10878","V2","no","V2"
"S11","C","311","High","6512","SOV1","yes","V1"
"S11","C","1111","High","6391","SOV1","yes","V1"
"S11","C","812","High","3679","SOV2","yes","V2"
"S11","C","412","High","7256","SOV2","yes","V2"
"S11","C","1911","High","7888","SOV1","yes","V1"
"S11","C","1721","Low","3624","V1","no","V1"
"S11","C","521","Low","2760","V1","no","V1"
"S11","C","121","Low","6992","V1","no","V1"
"S11","C","1612","High","3160","SOV2","yes","V2"
"S11","C","622","Low","18471","V2","no","V2"
"S11","C","921","Low","5216","V1","no","V1"
"S11","C","1422","Low","3512","V2","no","V2"
"S11","C","2012","High","10744","SOV2","yes","V2"
"S11","C","1822","Low","14951","V2","no","V2"
"S11","C","1212","High","8993","SOV2","yes","V2"
"S11","C","222","Low","3671","V2","no","V2"
"S11","C","1321","Low","19464","V1","no","V1"
"S11","C","1511","High","11120","SOV1","yes","V1"
"S11","C","1022","Low","7159","V2","no","V2"
"S11","C","711","High","3920","SOV1","yes","V1"
"S12","C","711","High","5828","SOV1","yes","V1"
"S12","C","1911","High","5354","SOV1","yes","V1"
"S12","C","1212","High","18801","SOV2","yes","V2"
"S12","C","1511","High","4940","SOV1","yes","V1"
"S12","C","121","Low","22129","V1","no","V1"
"S12","C","1422","Low","12405","V2","no","V2"
"S12","C","1321","Low","8305","V1","no","V1"
"S12","C","222","High","56235","V2","no","V2"
"S12","C","2012","High","9074","SOV2","yes","V2"
"S12","C","1111","High","10100","SOV1","yes","V1"
"S12","C","812","High","5897","SOV2","yes","V2"
"S12","C","1721","Low","5839","V1","no","V1"
"S12","C","1022","Low","5364","V2","no","V2"
"S12","C","412","Low","33293","SOV2","yes","V2"
"S12","C","311","High","4969","SOV1","yes","V1"
"S12","C","921","High","8184","V1","no","V1"
"S12","C","521","High","7307","V1","no","V1"
"S12","C","1612","Low","5858","SOV2","yes","V2"
"S12","C","1822","Low","6114","V2","no","V2"
"S12","C","622","High","6399","V2","no","V2"
"S13","C","812","Low","12437","SOV2","yes","V2"
"S13","C","1212","High","6496","SOV2","yes","V2"
"S13","C","412","Low","6181","SOV2","yes","V2"
"S13","C","1422","High","3839","V2","no","V2"
"S13","C","521","Low","3744","V1","no","V1"
"S13","C","311","Low","4317","SOV1","yes","V1"
"S13","C","1911","Low","4995","SOV1","yes","V1"
"S13","C","1022","Low","5878","V2","no","V2"
"S13","C","1822","Low","4618","V2","no","V2"
"S13","C","121","Low","6435","V1","no","V1"
"S13","C","1111","High","6736","SOV1","yes","V1"
"S13","C","1721","Low","5322","V1","no","V1"
"S13","C","222","Low","5167","V2","no","V2"
"S13","C","1321","Low","4620","V1","no","V1"
"S13","C","1511","Low","5199","SOV1","yes","V1"
"S13","C","921","Low","4157","V1","no","V1"
"S13","C","2012","Low","4721","SOV2","yes","V2"
"S13","C","711","Low","4200","SOV1","yes","V1"
"S13","C","622","High","4649","V2","no","V2"
"S13","C","1612","Low","4535","SOV2","yes","V2"
"S14","C","812","Low","15867","SOV2","yes","V2"
"S14","C","121","High","10712","V1","no","V1"
"S14","C","1511","High","5773","SOV1","yes","V1"
"S14","C","521","Low","5561","V1","no","V1"
"S14","C","711","Low","5276","SOV1","yes","V1"
"S14","C","1612","Low","6983","SOV2","yes","V2"
"S14","C","1822","High","5263","V2","no","V2"
"S14","C","222","High","5225","V2","no","V2"
"S14","C","2012","Low","2730","SOV2","yes","V2"
"S14","C","412","Low","2768","SOV2","yes","V2"
"S14","C","921","High","2756","V1","no","V1"
"S14","C","622","High","3742","V2","no","V2"
"S14","C","1022","Low","2419","V2","no","V2"
"S14","C","1212","Low","2406","SOV2","yes","V2"
"S14","C","1111","High","5113","SOV1","yes","V1"
"S14","C","1422","High","6373","V2","no","V2"
"S14","C","1911","High","2071","SOV1","yes","V1"
"S14","C","1321","Low","2408","V1","no","V1"
"S14","C","311","High","1919","SOV1","yes","V1"
"S14","C","1721","High","2020","V1","no","V1"
"S15","C","1022","Low","8312","V2","no","V2"
"S15","C","1612","High","7439","SOV2","yes","V2"
"S15","C","1511","High","6295","SOV1","yes","V1"
"S15","C","311","High","7648","SOV1","yes","V1"
"S15","C","412","High","4050","SOV2","yes","V2"
"S15","C","1212","High","5801","SOV2","yes","V2"
"S15","C","622","High","12977","V2","no","V2"
"S15","C","812","High","4104","SOV2","yes","V2"
"S15","C","1822","Low","7095","V2","no","V2"
"S15","C","2012","Low","4808","SOV2","yes","V2"
"S15","C","521","Low","2216","V1","no","V1"
"S15","C","1321","Low","5648","V1","no","V1"
"S15","C","1911","High","6615","SOV1","yes","V1"
"S15","C","921","Low","6607","V1","no","V1"
"S15","C","1111","High","4328","SOV1","yes","V1"
"S15","C","711","High","4840","SOV1","yes","V1"
"S15","C","222","Low","5729","V2","no","V2"
"S15","C","121","Low","3576","V1","no","V1"
"S15","C","1721","Low","9624","V1","no","V1"
"S15","C","1422","Low","3096","V2","no","V2"
"S16","C","711","High","6297","SOV1","yes","V1"
"S16","C","1911","High","17188","SOV1","yes","V1"
"S16","C","921","High","65197","V1","no","V1"
"S16","C","521","High","4061","V1","no","V1"
"S16","C","311","High","2585","SOV1","yes","V1"
"S16","C","222","Low","13888","V2","no","V2"
"S16","C","1612","High","2904","SOV2","yes","V2"
"S16","C","1721","Low","7357","V1","no","V1"
"S16","C","1212","High","5075","SOV2","yes","V2"
"S16","C","121","Low","16894","V1","no","V1"
"S16","C","812","High","2986","SOV2","yes","V2"
"S16","C","1022","Low","3544","V2","no","V2"
"S16","C","1822","Low","3096","V2","no","V2"
"S16","C","1321","Low","6436","V1","no","V1"
"S16","C","1111","High","4394","SOV1","yes","V1"
"S16","C","1511","High","1590","SOV1","yes","V1"
"S16","C","412","High","3169","SOV2","yes","V2"
"S16","C","1422","High","3090","V2","no","V2"
"S16","C","622","High","4998","V2","no","V2"
"S16","C","2012","High","2106","SOV2","yes","V2"
"S17","C","521","Low","5208","V1","no","V1"
"S17","C","622","Low","4656","V2","no","V2"
"S17","C","1422","Low","2616","V2","no","V2"
"S17","C","1911","High","8072","SOV1","yes","V1"
"S17","C","1022","Low","3520","V2","no","V2"
"S17","C","921","Low","4831","V1","no","V1"
"S17","C","711","High","8408","SOV1","yes","V1"
"S17","C","1212","High","3060","SOV2","yes","V2"
"S17","C","1511","High","2528","SOV1","yes","V1"
"S17","C","1612","High","3336","SOV2","yes","V2"
"S17","C","1321","Low","2480","V1","no","V1"
"S17","C","812","High","4975","SOV2","yes","V2"
"S17","C","222","Low","8056","V2","no","V2"
"S17","C","1111","High","16419","SOV1","yes","V1"
"S17","C","412","Low","3545","SOV2","yes","V2"
"S17","C","1721","Low","5808","V1","no","V1"
"S17","C","2012","High","7246","SOV2","yes","V2"
"S17","C","311","High","3742","SOV1","yes","V1"
"S17","C","1822","Low","6096","V2","no","V2"
"S17","C","121","Low","2839","V1","no","V1"
"S18","D","922","Low","2679","V2","no","V2"
"S18","D","1811","High","7405","SOV1","yes","V1"
"S18","D","1722","Low","3808","V2","no","V2"
"S18","D","712","High","5796","SOV2","yes","V2"
"S18","D","2021","High","5269","V1","no","V1"
"S18","D","421","High","4442","V1","no","V1"
"S18","D","1621","Low","3066","V1","no","V1"
"S18","D","611","Low","7619","SOV1","yes","V1"
"S18","D","1411","Low","2281","SOV1","yes","V1"
"S18","D","821","High","9192","V1","no","V1"
"S18","D","522","Low","1622","V2","no","V2"
"S18","D","312","Low","18986","SOV2","yes","V2"
"S18","D","1221","Low","8720","V1","no","V1"
"S18","D","211","Low","6181","SOV1","yes","V1"
"S18","D","1912","High","6039","SOV2","yes","V2"
"S18","D","1011","High","2195","SOV1","yes","V1"
"S18","D","1112","Low","7604","SOV2","yes","V2"
"S18","D","1322","Low","2328","V2","no","V2"
"S18","D","1512","High","3640","SOV2","yes","V2"
"S18","D","122","High","2355","V2","no","V2"
"S19","D","1722","Low","5742","V2","no","V2"
"S19","D","1512","High","3869","SOV2","yes","V2"
"S19","D","1011","High","3069","SOV1","yes","V1"
"S19","D","1912","High","2936","SOV2","yes","V2"
"S19","D","1322","Low","3566","V2","no","V2"
"S19","D","1411","High","5975","SOV1","yes","V1"
"S19","D","1621","Low","3041","V1","no","V1"
"S19","D","1221","Low","9436","V1","no","V1"
"S19","D","211","High","3585","SOV1","yes","V1"
"S19","D","1811","High","3352","SOV1","yes","V1"
"S19","D","2021","Low","9122","V1","no","V1"
"S19","D","821","High","5929","V1","no","V1"
"S19","D","922","Low","5818","V2","no","V2"
"S19","D","1112","High","2330","SOV2","yes","V2"
"S19","D","312","High","3007","SOV2","yes","V2"
"S19","D","421","Low","2369","V1","no","V1"
"S19","D","522","Low","3488","V2","no","V2"
"S19","D","712","High","4071","SOV2","yes","V2"
"S19","D","611","High","2083","SOV1","yes","V1"
"S19","D","122","High","8142","V2","no","V2"
"S20","D","712","High","3790","SOV2","yes","V2"
"S20","D","1912","High","4553","SOV2","yes","V2"
"S20","D","122","High","6325","V2","no","V2"
"S20","D","821","Low","4723","V1","no","V1"
"S20","D","1322","Low","2509","V2","no","V2"
"S20","D","312","High","3649","SOV2","yes","V2"
"S20","D","1512","High","5043","SOV2","yes","V2"
"S20","D","1722","Low","8406","V2","no","V2"
"S20","D","1112","High","4317","SOV2","yes","V2"
"S20","D","1621","High","6359","V1","no","V1"
"S20","D","421","Low","3995","V1","no","V1"
"S20","D","611","High","3127","SOV1","yes","V1"
"S20","D","1811","Low","5043","SOV1","yes","V1"
"S20","D","2021","Low","6502","V1","no","V1"
"S20","D","522","Low","4615","V2","no","V2"
"S20","D","211","Low","2130","SOV1","yes","V1"
"S20","D","1411","High","2805","SOV1","yes","V1"
"S20","D","1011","High","3178","SOV1","yes","V1"
"S20","D","1221","High","2831","V1","no","V1"
"S20","D","922","Low","3816","V2","no","V2"
"S21","D","1621","Low","5516","V1","no","V1"
"S21","D","1722","Low","5782","V2","no","V2"
"S21","D","1112","Low","11312","SOV2","yes","V2"
"S21","D","522","Low","8538","V2","no","V2"
"S21","D","1011","High","4271","SOV1","yes","V1"
"S21","D","312","High","4094","SOV2","yes","V2"
"S21","D","922","Low","7902","V2","no","V2"
"S21","D","1811","High","4349","SOV1","yes","V1"
"S21","D","122","High","4970","V2","no","V2"
"S21","D","611","High","20918","SOV1","yes","V1"
"S21","D","211","Low","25276","SOV1","yes","V1"
"S21","D","1322","Low","10837","V2","no","V2"
"S21","D","1912","High","4768","SOV2","yes","V2"
"S21","D","1221","Low","11645","V1","no","V1"
"S21","D","1411","High","3790","SOV1","yes","V1"
"S21","D","712","High","5059","SOV2","yes","V2"
"S21","D","821","Low","2309","V1","no","V1"
"S21","D","421","Low","4673","V1","no","V1"
"S21","D","2021","Low","2903","V1","no","V1"
"S21","D","1512","High","6312","SOV2","yes","V2"
"S22","D","1322","Low","4455","V2","no","V2"
"S22","D","1221","Low","6131","V1","no","V1"
"S22","D","1011","High","2018","SOV1","yes","V1"
"S22","D","1621","Low","2950","V1","no","V1"
"S22","D","1112","Low","6386","SOV2","yes","V2"
"S22","D","421","Low","1895","V1","no","V1"
"S22","D","1811","Low","52344","SOV1","yes","V1"
"S22","D","2021","High","2683","V1","no","V1"
"S22","D","821","Low","2648","V1","no","V1"
"S22","D","1722","Low","2941","V2","no","V2"
"S22","D","922","Low","1761","V2","no","V2"
"S22","D","712","High","3376","SOV2","yes","V2"
"S22","D","312","High","2537","SOV2","yes","V2"
"S22","D","211","High","2126","SOV1","yes","V1"
"S22","D","611","High","1846","SOV1","yes","V1"
"S22","D","1411","High","1639","SOV1","yes","V1"
"S22","D","1912","High","2126","SOV2","yes","V2"
"S22","D","522","Low","4204","V2","no","V2"
"S22","D","122","Low","3849","V2","no","V2"
"S22","D","1512","High","2261","SOV2","yes","V2"
"S23","D","1621","Low","3802","V1","no","V1"
"S23","D","1011","Low","7007","SOV1","yes","V1"
"S23","D","122","Low","10221","V2","no","V2"
"S23","D","1912","Low","7349","SOV2","yes","V2"
"S23","D","421","Low","4567","V1","no","V1"
"S23","D","1221","Low","11737","V1","no","V1"
"S23","D","712","High","10199","SOV2","yes","V2"
"S23","D","1112","Low","7318","SOV2","yes","V2"
"S23","D","922","Low","5848","V2","no","V2"
"S23","D","211","High","7703","SOV1","yes","V1"
"S23","D","1322","Low","13483","V2","no","V2"
"S23","D","312","Low","13226","SOV2","yes","V2"
"S23","D","2021","Low","10331","V1","no","V1"
"S23","D","611","High","7135","SOV1","yes","V1"
"S23","D","522","High","10671","V2","no","V2"
"S23","D","1811","Low","8059","SOV1","yes","V1"
"S23","D","821","Low","9172","V1","no","V1"
"S23","D","1411","High","7413","SOV1","yes","V1"
"S23","D","1722","Low","6115","V2","no","V2"
"S23","D","1512","High","8882","SOV2","yes","V2"
"S24","D","1722","Low","5235","V2","no","V2"
"S24","D","122","Low","3827","V2","no","V2"
"S24","D","1112","Low","12690","SOV2","yes","V2"
"S24","D","522","Low","4713","V2","no","V2"
"S24","D","611","High","4071","SOV1","yes","V1"
"S24","D","821","Low","4114","V1","no","V1"
"S24","D","1512","High","23762","SOV2","yes","V2"
"S24","D","1322","Low","2175","V2","no","V2"
"S24","D","312","High","5146","SOV2","yes","V2"
"S24","D","2021","Low","4261","V1","no","V1"
"S24","D","211","High","2957","SOV1","yes","V1"
"S24","D","922","Low","4217","V2","no","V2"
"S24","D","421","Low","3973","V1","no","V1"
"S24","D","712","High","3708","SOV2","yes","V2"
"S24","D","1912","High","5146","SOV2","yes","V2"
"S24","D","1621","Low","2942","V1","no","V1"
"S24","D","1811","High","2219","SOV1","yes","V1"
"S24","D","1221","Low","4808","V1","no","V1"
"S24","D","1411","High","2609","SOV1","yes","V1"
"S24","D","1011","High","3199","SOV1","yes","V1"
"S25","D","1512","High","4337","SOV2","yes","V2"
"S25","D","312","High","4984","SOV2","yes","V2"
"S25","D","1322","High","4023","V2","no","V2"
"S25","D","1912","Low","5420","SOV2","yes","V2"
"S25","D","1811","Low","6250","SOV1","yes","V1"
"S25","D","1621","Low","6237","V1","no","V1"
"S25","D","611","High","7596","SOV1","yes","V1"
"S25","D","922","High","6944","V2","no","V2"
"S25","D","1221","Low","9875","V1","no","V1"
"S25","D","522","Low","5236","V2","no","V2"
"S25","D","1411","High","15116","SOV1","yes","V1"
"S25","D","122","High","5161","V2","no","V2"
"S25","D","821","High","5844","V1","no","V1"
"S25","D","1011","High","5304","SOV1","yes","V1"
"S25","D","1722","Low","4275","V2","no","V2"
"S25","D","712","Low","8124","SOV2","yes","V2"
"S25","D","1112","High","5393","SOV2","yes","V2"
"S25","D","421","Low","6614","V1","no","V1"
"S25","D","211","High","4555","SOV1","yes","V1"
"S25","D","2021","Low","6146","V1","no","V1"
"S26","B","1021","Low","8146","V1","no","V1"
"S26","B","1922","Low","12777","V2","no","V2"
"S26","B","1312","High","27784","SOV2","yes","V2"
"S26","B","2011","Low","7317","SOV1","yes","V1"
"S26","B","1821","Low","39736","V1","no","V1"
"S26","B","621","High","28452","V1","no","V1"
"S26","B","1211","High","28132","SOV1","yes","V1"
"S26","B","1122","High","11657","V2","no","V2"
"S26","B","912","High","5307","SOV2","yes","V2"
"S26","B","1611","High","11991","SOV1","yes","V1"
"S26","B","512","High","14694","SOV2","yes","V2"
"S26","B","112","High","5581","SOV2","yes","V2"
"S26","B","322","Low","2879","V2","no","V2"
"S26","B","411","High","15594","SOV1","yes","V1"
"S26","B","1421","Low","15380","V1","no","V1"
"S26","B","1712","High","7177","SOV2","yes","V2"
"S26","B","722","High","4871","V2","no","V2"
"S26","B","1522","Low","20044","V2","no","V2"
"S26","B","811","Low","32716","SOV1","yes","V1"
"S26","B","221","Low","7206","V1","no","V1"
"S27","B","1211","Low","6808","SOV1","yes","V1"
"S27","B","1922","Low","5646","V2","no","V2"
"S27","B","1122","Low","6519","V2","no","V2"
"S27","B","811","High","5744","SOV1","yes","V1"
"S27","B","1312","High","4698","SOV2","yes","V2"
"S27","B","1421","Low","5851","V1","no","V1"
"S27","B","411","Low","6470","SOV1","yes","V1"
"S27","B","512","High","4007","SOV2","yes","V2"
"S27","B","1821","Low","4523","V1","no","V1"
"S27","B","1712","Low","5535","SOV2","yes","V2"
"S27","B","2011","Low","10959","SOV1","yes","V1"
"S27","B","112","Low","5317","SOV2","yes","V2"
"S27","B","1611","Low","4437","SOV1","yes","V1"
"S27","B","912","Low","4682","SOV2","yes","V2"
"S27","B","1522","Low","4870","V2","no","V2"
"S27","B","621","Low","5291","V1","no","V1"
"S27","B","322","Low","5246","V2","no","V2"
"S27","B","722","Low","5368","V2","no","V2"
"S27","B","221","Low","10537","V1","no","V1"
"S27","B","1021","Low","4149","V1","no","V1"
"S28","B","621","High","9479","V1","no","V1"
"S28","B","1122","Low","7407","V2","no","V2"
"S28","B","722","Low","8119","V2","no","V2"
"S28","B","1611","High","11953","SOV1","yes","V1"
"S28","B","2011","High","9008","SOV1","yes","V1"
"S28","B","512","Low","20190","SOV2","yes","V2"
"S28","B","112","High","5176","SOV2","yes","V2"
"S28","B","1522","Low","10201","V2","no","V2"
"S28","B","1211","High","7589","SOV1","yes","V1"
"S28","B","1312","Low","9528","SOV2","yes","V2"
"S28","B","322","Low","13051","V2","no","V2"
"S28","B","1021","Low","6458","V1","no","V1"
"S28","B","912","Low","7618","SOV2","yes","V2"
"S28","B","221","High","7882","V1","no","V1"
"S28","B","411","Low","14335","SOV1","yes","V1"
"S28","B","1421","Low","6186","V1","no","V1"
"S28","B","1922","Low","15587","V2","no","V2"
"S28","B","811","High","8878","SOV1","yes","V1"
"S28","B","1821","Low","10355","V1","no","V1"
"S28","B","1712","High","7556","SOV2","yes","V2"
"S29","C","1422","Low","17663","V2","no","V2"
"S29","C","1721","Low","5424","V1","no","V1"
"S29","C","222","High","9792","V2","no","V2"
"S29","C","1111","High","7728","SOV1","yes","V1"
"S29","C","1511","High","3192","SOV1","yes","V1"
"S29","C","921","Low","7624","V1","no","V1"
"S29","C","812","High","2280","SOV2","yes","V2"
"S29","C","121","Low","4720","V1","no","V1"
"S29","C","412","Low","17589","SOV2","yes","V2"
"S29","C","311","High","2064","SOV1","yes","V1"
"S29","C","1321","Low","2025","V1","no","V1"
"S29","C","1612","High","4703","SOV2","yes","V2"
"S29","C","1822","Low","9919","V2","no","V2"
"S29","C","1022","Low","2712","V2","no","V2"
"S29","C","2012","High","9632","SOV2","yes","V2"
"S29","C","1911","High","4064","SOV1","yes","V1"
"S29","C","711","High","2968","SOV1","yes","V1"
"S29","C","1212","High","5711","SOV2","yes","V2"
"S29","C","622","Low","2968","V2","no","V2"
"S29","C","521","Low","4448","V1","no","V1"
"S30","A","1711","High","7050","SOV1","yes","V1"
"S30","A","1121","High","14846","V1","no","V1"
"S30","A","1222","Low","5656","V2","no","V2"
"S30","A","1921","Low","4861","V1","no","V1"
"S30","A","822","Low","12423","V2","no","V2"
"S30","A","911","Low","14743","SOV1","yes","V1"
"S30","A","1012","High","4589","SOV2","yes","V2"
"S30","A","1521","Low","4901","V1","no","V1"
"S30","A","321","Low","4952","V1","no","V1"
"S30","A","1412","High","5655","SOV2","yes","V2"
"S30","A","111","High","6968","SOV1","yes","V1"
"S30","A","2022","Low","5451","V2","no","V2"
"S30","A","212","Low","7672","SOV2","yes","V2"
"S30","A","422","Low","2812","V2","no","V2"
"S30","A","1812","Low","8185","SOV2","yes","V2"
"S30","A","1622","Low","5061","V2","no","V2"
"S30","A","612","High","4971","SOV2","yes","V2"
"S30","A","721","High","6437","V1","no","V1"
"S30","A","511","High","6338","SOV1","yes","V1"
"S30","A","1311","Low","7153","SOV1","yes","V1"
"S31","A","2022","Low","16520","V2","no","V2"
"S31","A","612","High","7600","SOV2","yes","V2"
"S31","A","1121","Low","18394","V1","no","V1"
"S31","A","111","High","9150","SOV1","yes","V1"
"S31","A","212","High","11666","SOV2","yes","V2"
"S31","A","1012","High","7428","SOV2","yes","V2"
"S31","A","1222","Low","9870","V2","no","V2"
"S31","A","1711","High","7527","SOV1","yes","V1"
"S31","A","511","High","12310","SOV1","yes","V1"
"S31","A","721","High","8968","V1","no","V1"
"S31","A","1412","High","4636","SOV2","yes","V2"
"S31","A","822","High","9366","V2","no","V2"
"S31","A","1921","Low","4994","V1","no","V1"
"S31","A","1521","Low","5262","V1","no","V1"
"S31","A","1622","Low","7236","V2","no","V2"
"S31","A","321","Low","11524","V1","no","V1"
"S31","A","1812","High","3399","SOV2","yes","V2"
"S31","A","911","High","5704","SOV1","yes","V1"
"S31","A","1311","Low","8875","SOV1","yes","V1"
"S31","A","422","Low","4705","V2","no","V2"
"S32","A","1622","Low","6169","V2","no","V2"
"S32","A","1521","Low","18755","V1","no","V1"
"S32","A","422","Low","5105","V2","no","V2"
"S32","A","1222","Low","6118","V2","no","V2"
"S32","A","1812","High","7934","SOV2","yes","V2"
"S32","A","911","High","4259","SOV1","yes","V1"
"S32","A","721","High","7553","V1","no","V1"
"S32","A","1921","Low","6530","V1","no","V1"
"S32","A","2022","Low","6539","V2","no","V2"
"S32","A","1121","Low","5650","V1","no","V1"
"S32","A","1711","High","8871","SOV1","yes","V1"
"S32","A","1012","High","5899","SOV2","yes","V2"
"S32","A","612","High","4167","SOV2","yes","V2"
"S32","A","1311","High","50159","SOV1","yes","V1"
"S32","A","822","High","5000","V2","no","V2"
"S32","A","321","Low","10431","V1","no","V1"
"S32","A","212","High","4420","SOV2","yes","V2"
"S32","A","511","High","4899","SOV1","yes","V1"
"S32","A","1412","High","4950","SOV2","yes","V2"
"S32","A","111","High","5800","SOV1","yes","V1"
"S33","A","911","High","6382","SOV1","yes","V1"
"S33","A","422","Low","8121","V2","no","V2"
"S33","A","1921","Low","7069","V1","no","V1"
"S33","A","2022","Low","6717","V2","no","V2"
"S33","A","1622","Low","5091","V2","no","V2"
"S33","A","1222","Low","7483","V2","no","V2"
"S33","A","212","Low","6914","SOV2","yes","V2"
"S33","A","111","High","6432","SOV1","yes","V1"
"S33","A","1521","High","7383","V1","no","V1"
"S33","A","721","Low","4550","V1","no","V1"
"S33","A","1711","High","6724","SOV1","yes","V1"
"S33","A","1012","Low","5522","SOV2","yes","V2"
"S33","A","612","Low","8232","SOV2","yes","V2"
"S33","A","822","Low","7383","V2","no","V2"
"S33","A","1812","High","5466","SOV2","yes","V2"
"S33","A","1412","High","6598","SOV2","yes","V2"
"S33","A","1121","Low","6422","V1","no","V1"
"S33","A","511","Low","4530","SOV1","yes","V1"
"S33","A","1311","Low","4889","SOV1","yes","V1"
"S33","A","321","Low","4400","V1","no","V1"
"S34","A","1711","High","11395","SOV1","yes","V1"
"S34","A","721","High","6434","V1","no","V1"
"S34","A","911","Low","4808","SOV1","yes","V1"
"S34","A","1311","High","6002","SOV1","yes","V1"
"S34","A","212","High","7990","SOV2","yes","V2"
"S34","A","612","High","6374","SOV2","yes","V2"
"S34","A","1521","High","3248","V1","no","V1"
"S34","A","1012","Low","10420","SOV2","yes","V2"
"S34","A","1222","Low","6642","V2","no","V2"
"S34","A","1121","Low","7809","V1","no","V1"
"S34","A","1921","Low","7131","V1","no","V1"
"S34","A","1412","High","4009","SOV2","yes","V2"
"S34","A","2022","Low","5341","V2","no","V2"
"S34","A","111","High","5594","SOV1","yes","V1"
"S34","A","321","Low","2671","V1","no","V1"
"S34","A","1622","Low","2167","V2","no","V2"
"S34","A","422","Low","3579","V2","no","V2"
"S34","A","511","Low","3185","SOV1","yes","V1"
"S34","A","1812","High","4877","SOV2","yes","V2"
"S34","A","822","High","3925","V2","no","V2"
"S35","C","1212","Low","5860","SOV2","yes","V2"
"S35","C","1721","Low","5648","V1","no","V1"
"S35","C","121","Low","5860","V1","no","V1"
"S35","C","1022","Low","4973","V2","no","V2"
"S35","C","412","Low","5366","SOV2","yes","V2"
"S35","C","622","Low","5305","V2","no","V2"
"S35","C","521","Low","4146","V1","no","V1"
"S35","C","1422","Low","4139","V2","no","V2"
"S35","C","1511","Low","4496","SOV1","yes","V1"
"S35","C","1822","Low","3541","V2","no","V2"
"S35","C","921","Low","3405","V1","no","V1"
"S35","C","1321","Low","3525","V1","no","V1"
"S35","C","1612","High","3448","SOV2","yes","V2"
"S35","C","2012","High","3150","SOV2","yes","V2"
"S35","C","222","High","2638","V2","no","V2"
"S35","C","1911","Low","3770","SOV1","yes","V1"
"S35","C","812","High","3889","SOV2","yes","V2"
"S35","C","1111","High","2944","SOV1","yes","V1"
"S35","C","711","High","1450","SOV1","yes","V1"
"S35","C","311","High","3141","SOV1","yes","V1"
"S36","D","122","High","10522","V2","no","V2"
"S36","D","712","High","4245","SOV2","yes","V2"
"S36","D","1912","Low","5484","SOV2","yes","V2"
"S36","D","1811","High","5407","SOV1","yes","V1"
"S36","D","1011","High","7071","SOV1","yes","V1"
"S36","D","1621","Low","2608","V1","no","V1"
"S36","D","312","High","3459","SOV2","yes","V2"
"S36","D","211","High","6081","SOV1","yes","V1"
"S36","D","421","Low","6369","V1","no","V1"
"S36","D","922","Low","6618","V2","no","V2"
"S36","D","611","High","5067","SOV1","yes","V1"
"S36","D","821","High","2603","V1","no","V1"
"S36","D","2021","Low","4419","V1","no","V1"
"S36","D","1722","Low","5283","V2","no","V2"
"S36","D","1512","High","3568","SOV2","yes","V2"
"S36","D","1112","High","3017","SOV2","yes","V2"
"S36","D","1221","Low","8483","V1","no","V1"
"S36","D","1322","Low","2966","V2","no","V2"
"S36","D","1411","High","9251","SOV1","yes","V1"
"S36","D","522","Low","6069","V2","no","V2"
