"Subject","Group","Item","Escolha_attach","TR_Final","Cond","Adv_so","Verbo","logTR"
"S1","A",1622,"Low",5971,"V2","no","V2",8.69466969654699
"S1","A",1412,"Low",14876,"SOV2","yes","V2",9.60750445504496
"S1","A",1012,"Low",5128,"SOV2","yes","V2",8.54247099860051
"S1","A",911,"Low",10049,"SOV1","yes","V1",9.21522840604896
"S1","A",1121,"Low",7175,"V1","no","V1",8.87835804062782
"S1","A",1521,"High",8542,"V1","no","V1",9.05275045140141
"S1","A",321,"High",5432,"V1","no","V1",8.60006266923853
"S1","A",1222,"High",9167,"V2","no","V2",9.12336535796178
"S1","A",511,"Low",6296,"SOV1","yes","V1",8.74766979009724
"S1","A",212,"High",6033,"SOV2","yes","V2",8.70499967844076
"S1","A",1812,"High",4804,"SOV2","yes","V2",8.47720418319987
"S1","A",422,"High",14321,"V2","no","V2",9.5694822704787
"S1","A",721,"High",7515,"V1","no","V1",8.92465630218707
"S1","A",2022,"Low",6647,"V2","no","V2",8.80192090404158
"S1","A",1921,"High",14810,"V1","no","V1",9.60305790726184
"S1","A",1311,"Low",6145,"SOV1","yes","V1",8.72339402200014
"S1","A",612,"High",6950,"SOV2","yes","V2",8.84649693855884
"S1","A",822,"Low",5294,"V2","no","V2",8.57432938278705
"S1","A",111,"High",4991,"SOV1","yes","V1",8.51539156946961
"S2","A",2022,"Low",9100,"V2","no","V2",9.11602969250494
"S2","A",1711,"High",7984,"SOV1","yes","V1",8.9851948179913
"S2","A",111,"Low",8518,"SOV1","yes","V1",9.04993685048316
"S2","A",822,"Low",8518,"V2","no","V2",9.04993685048316
"S2","A",1311,"Low",9498,"SOV1","yes","V1",9.15883652910907
"S2","A",1012,"Low",5415,"SOV2","yes","V2",8.59692815943509
"S2","A",212,"Low",7986,"SOV2","yes","V2",8.98544528762317
"S2","A",1622,"Low",8318,"V2","no","V2",9.02617712030286
"S2","A",1921,"Low",7404,"V1","no","V1",8.90977567369339
"S2","A",422,"Low",8504,"V2","no","V2",9.04829192002178
"S2","A",911,"Low",6413,"SOV1","yes","V1",8.76608245914886
"S2","A",721,"Low",7584,"V1","no","V1",8.93379604393486
"S2","A",1222,"Low",4801,"V2","no","V2",8.47657950853094
"S2","A",321,"Low",4004,"V1","no","V1",8.29504914043511
"S2","A",1521,"High",12814,"V1","no","V1",9.45829360219897
"S2","A",1812,"Low",5434,"SOV2","yes","V2",8.60043078998629
"S2","A",511,"Low",6926,"SOV1","yes","V1",8.84303772496237
"S2","A",1121,"Low",5427,"V1","no","V1",8.5991417740634
"S2","A",612,"High",7180,"SOV2","yes","V2",8.87905466204227
"S2","A",1412,"Low",6390,"SOV2","yes","V2",8.76248954737158
"S3","A",1412,"Low",8141,"SOV2","yes","V2",9.00466830157398
"S3","A",1222,"Low",13785,"V2","no","V2",9.5313363234579
"S3","A",1121,"Low",13008,"V1","no","V1",9.47331983178759
"S3","A",612,"High",12224,"SOV2","yes","V2",9.4111565114063
"S3","A",1311,"High",5381,"SOV1","yes","V1",8.59062950948942
"S3","A",422,"Low",6159,"V2","no","V2",8.72566970568704
"S3","A",2022,"Low",6761,"V2","no","V2",8.81892608709068
"S3","A",511,"High",3960,"SOV1","yes","V1",8.28399930424853
"S3","A",1812,"High",6479,"SOV2","yes","V2",8.77632145644996
"S3","A",822,"High",5350,"V2","no","V2",8.58485183989005
"S3","A",1921,"High",5049,"V1","no","V1",8.52694548285892
"S3","A",1711,"High",7590,"SOV1","yes","V1",8.93458687038968
"S3","A",911,"High",4811,"SOV1","yes","V1",8.47866024169945
"S3","A",212,"High",4095,"SOV2","yes","V2",8.31752199628717
"S3","A",721,"High",6670,"V1","no","V1",8.80537513890967
"S3","A",1521,"High",4650,"V1","no","V1",8.4446224985814
"S3","A",1012,"Low",4270,"SOV2","yes","V2",8.35936910622267
"S3","A",111,"High",3010,"SOV1","yes","V1",8.00969535774292
"S3","A",321,"Low",2239,"V1","no","V1",7.71378461659875
"S3","A",1622,"Low",4040,"V2","no","V2",8.3039999709552
"S4","A",1222,"Low",12587,"V2","no","V2",9.44041981429151
"S4","A",1521,"High",9353,"V1","no","V1",9.14345242643455
"S4","A",612,"Low",5683,"SOV2","yes","V2",8.64523454129712
"S4","A",1311,"High",7435,"SOV1","yes","V1",8.91395385889425
"S4","A",1012,"Low",5627,"SOV2","yes","V2",8.63533171943328
"S4","A",1121,"High",5413,"V1","no","V1",8.59655874679698
"S4","A",1711,"High",4436,"SOV1","yes","V1",8.39750834847026
"S4","A",1622,"Low",5101,"V2","no","V2",8.53719187792293
"S4","A",721,"High",6283,"V1","no","V1",8.74560285240295
"S4","A",822,"Low",5380,"V2","no","V2",8.59044365315583
"S4","A",2022,"Low",4798,"V2","no","V2",8.47595444339964
"S4","A",111,"Low",4988,"SOV1","yes","V1",8.51479030679993
"S4","A",1812,"Low",3064,"SOV2","yes","V2",8.02747653086048
"S4","A",1412,"Low",2317,"SOV2","yes","V2",7.74802852443238
"S4","A",1921,"High",2849,"V1","no","V1",7.95472333449791
"S4","A",212,"Low",8130,"SOV2","yes","V2",9.00331620254186
"S4","A",911,"High",6011,"SOV1","yes","V1",8.70134640303916
"S4","A",422,"Low",5453,"V2","no","V2",8.60392119492606
"S4","A",511,"High",3237,"SOV1","yes","V1",8.08240225392624
"S4","A",321,"Low",6217,"V1","no","V1",8.73504275426934
"S5","B",621,"Low",6256,"V1","no","V1",8.74129628222515
"S5","B",912,"High",10022,"SOV2","yes","V2",9.21253795551967
"S5","B",512,"High",5672,"SOV2","yes","V2",8.64329706821196
"S5","B",722,"Low",10200,"V2","no","V2",9.23014299927236
"S5","B",1312,"Low",9088,"SOV2","yes","V2",9.11471014096093
"S5","B",322,"High",6992,"V2","no","V2",8.85252191733537
"S5","B",2011,"High",5271,"SOV1","yes","V1",8.56997537685521
"S5","B",1712,"High",6128,"SOV2","yes","V2",8.72062371142043
"S5","B",1421,"Low",3456,"V1","no","V1",8.14786712992395
"S5","B",1021,"Low",2720,"V1","no","V1",7.90838715929004
"S5","B",112,"Low",8792,"SOV2","yes","V2",9.08159749608346
"S5","B",221,"Low",4249,"V1","no","V1",8.35443894011481
"S5","B",1922,"Low",3384,"V2","no","V2",8.12681372072611
"S5","B",1611,"Low",2279,"SOV1","yes","V1",7.73149202924568
"S5","B",811,"High",4219,"SOV1","yes","V1",8.34735341212434
"S5","B",1821,"Low",2768,"V1","no","V1",7.92588031673756
"S5","B",1122,"Low",5976,"V2","no","V2",8.69550672681265
"S5","B",1211,"Low",7535,"SOV1","yes","V1",8.9273141110606
"S5","B",1522,"High",3712,"V2","no","V2",8.21932609390609
"S6","B",1211,"Low",6972,"SOV1","yes","V1",8.84965740663991
"S6","B",411,"Low",15420,"SOV1","yes","V1",9.64342064711732
"S6","B",1312,"Low",15002,"SOV2","yes","V2",9.61593880452958
"S6","B",512,"Low",9913,"SOV2","yes","V2",9.2016023060329
"S6","B",1421,"Low",5202,"V1","no","V1",8.5567984460086
"S6","B",1821,"High",18229,"V1","no","V1",9.81076901153292
"S6","B",2011,"Low",10885,"SOV1","yes","V1",9.29514097366865
"S6","B",1611,"Low",4112,"SOV1","yes","V1",8.321664807135
"S6","B",722,"Low",5179,"V2","no","V2",8.55236726642389
"S6","B",1122,"Low",14205,"V2","no","V2",9.56134929428829
"S6","B",912,"High",10950,"SOV2","yes","V2",9.30109473524465
"S6","B",1522,"Low",12697,"V2","no","V2",9.44912102406979
"S6","B",1021,"Low",8810,"V1","no","V1",9.08364271893022
"S6","B",1712,"Low",11297,"SOV2","yes","V2",9.33229248272693
"S6","B",1922,"Low",8920,"V2","no","V2",9.09605122557405
"S6","B",112,"High",9305,"SOV2","yes","V2",9.13830716907635
"S6","B",221,"High",7448,"V1","no","V1",8.9157008189569
"S6","B",811,"High",7564,"SOV1","yes","V1",8.93115542977835
"S7","B",322,"Low",17171,"V2","no","V2",9.7509771933138
"S7","B",1021,"Low",17194,"V1","no","V1",9.75231576473439
"S7","B",1922,"Low",5279,"V2","no","V2",8.57149196482362
"S7","B",1522,"Low",17368,"V2","no","V2",9.76238471155813
"S7","B",912,"Low",6836,"SOV2","yes","V2",8.82995804423548
"S7","B",1821,"Low",6010,"V1","no","V1",8.70118002752925
"S7","B",1611,"Low",6150,"SOV1","yes","V1",8.72420736080056
"S7","B",811,"High",17094,"SOV1","yes","V1",9.74648280372596
"S7","B",722,"Low",12477,"V2","no","V2",9.43164222841102
"S7","B",621,"High",6613,"V1","no","V1",8.79679268767466
"S7","B",411,"Low",9880,"SOV1","yes","V1",9.19826779074191
"S7","B",1421,"Low",4301,"V1","no","V1",8.36660283278374
"S7","B",1211,"Low",4139,"SOV1","yes","V1",8.32820949174873
"S7","B",512,"High",4950,"SOV2","yes","V2",8.50714285556274
"S7","B",112,"High",15140,"SOV2","yes","V2",9.62509552699144
"S7","B",2011,"High",6353,"SOV1","yes","V1",8.75668242126653
"S7","B",221,"Low",6825,"V1","no","V1",8.82834762005316
"S7","B",1712,"Low",16718,"SOV2","yes","V2",9.7242412622591
"S7","B",1312,"High",8389,"SOV2","yes","V2",9.03467660284629
"S8","B",1211,"High",7618,"SOV1","yes","V1",8.93826914703855
"S8","B",112,"High",5569,"SOV2","yes","V2",8.62497078358967
"S8","B",1821,"Low",14614,"V1","no","V1",9.58973525235116
"S8","B",1922,"High",5213,"V2","no","V2",8.55891078476811
"S8","B",221,"High",6566,"V1","no","V1",8.78966009806154
"S8","B",1421,"Low",3479,"V1","no","V1",8.15450017515194
"S8","B",1522,"High",6116,"V2","no","V2",8.71866356704895
"S8","B",2011,"Low",6501,"SOV1","yes","V1",8.77971129020447
"S8","B",411,"Low",5213,"SOV1","yes","V1",8.55891078476811
"S8","B",1122,"Low",4843,"V2","no","V2",8.48528964240323
"S8","B",621,"Low",4373,"V1","no","V1",8.38320455141292
"S8","B",512,"Low",5575,"SOV2","yes","V2",8.62604759632832
"S8","B",722,"High",5117,"V2","no","V2",8.54032360880509
"S8","B",912,"High",5849,"SOV2","yes","V2",8.67402598544303
"S8","B",811,"High",5073,"SOV1","yes","V1",8.53168763756669
"S8","B",1712,"Low",6065,"SOV2","yes","V2",8.71028982137815
"S8","B",1611,"High",8740,"SOV1","yes","V1",9.07566546864958
"S8","B",322,"High",6862,"V2","no","V2",8.8337542234184
"S8","B",1021,"Low",3153,"V1","no","V1",8.05610965954506
"S8","B",1312,"High",4218,"SOV2","yes","V2",8.34711636103872
"S9","B",221,"Low",15446,"V1","no","V1",9.64510534912921
"S9","B",722,"High",14759,"V2","no","V2",9.59960834518178
"S9","B",1421,"Low",5489,"V1","no","V1",8.61050136854989
"S9","B",1712,"Low",5490,"SOV2","yes","V2",8.61068353450358
"S9","B",621,"High",6875,"V1","no","V1",8.83564692253477
"S9","B",912,"High",10737,"SOV2","yes","V2",9.28145099943413
"S9","B",512,"High",2196,"SOV2","yes","V2",7.69439280262942
"S9","B",2011,"High",4616,"SOV1","yes","V1",8.43728380818794
"S9","B",1522,"High",7044,"V2","no","V2",8.8599314696161
"S9","B",1922,"Low",7790,"V2","no","V2",8.96059613886479
"S9","B",1211,"High",3246,"SOV1","yes","V1",8.08517874807454
"S9","B",1122,"Low",9224,"V2","no","V2",9.12956406194889
"S9","B",322,"Low",8233,"V2","no","V2",9.01590574729843
"S9","B",1611,"High",2476,"SOV1","yes","V1",7.81439963380449
"S9","B",1021,"Low",2073,"V1","no","V1",7.63675211243578
"S9","B",1312,"High",12840,"SOV2","yes","V2",9.46032057724395
"S9","B",1821,"High",12750,"V1","no","V1",9.45328655058657
"S9","B",811,"High",2409,"SOV1","yes","V1",7.78696700261487
"S9","B",411,"High",2824,"SOV1","yes","V1",7.94590959861313
"S9","B",112,"High",2983,"SOV2","yes","V2",8.00068478451475
"S10","B",621,"Low",10051,"V1","no","V1",9.21542741102474
"S10","B",221,"Low",7070,"V1","no","V1",8.86361575889062
"S10","B",2011,"High",8286,"SOV1","yes","V1",9.02232262263735
"S10","B",411,"High",7713,"SOV1","yes","V1",8.950662495934
"S10","B",912,"High",5810,"SOV2","yes","V2",8.66733584984596
"S10","B",112,"High",5054,"SOV2","yes","V2",8.52793528794814
"S10","B",1611,"Low",6676,"SOV1","yes","V1",8.80627428478173
"S10","B",1821,"High",7530,"V1","no","V1",8.92665032079394
"S10","B",512,"High",5775,"SOV2","yes","V2",8.66129353538999
"S10","B",1021,"Low",3833,"V1","no","V1",8.25140306538056
"S10","B",1712,"High",4600,"SOV2","yes","V2",8.43381158247719
"S10","B",811,"High",4489,"SOV1","yes","V1",8.40938523878193
"S10","B",1421,"Low",4083,"V1","no","V1",8.31458729131958
"S10","B",1312,"High",6733,"SOV2","yes","V2",8.81477608854528
"S10","B",1522,"Low",7682,"V2","no","V2",8.94663520890585
"S10","B",722,"Low",5883,"V2","no","V2",8.67982211486446
"S10","B",1922,"Low",10878,"V2","no","V2",9.29449767998291
"S11","C",311,"High",6512,"SOV1","yes","V1",8.78140190768238
"S11","C",1111,"High",6391,"SOV1","yes","V1",8.76264602965028
"S11","C",812,"High",3679,"SOV2","yes","V2",8.21039625510477
"S11","C",412,"High",7256,"SOV2","yes","V2",8.88958399179497
"S11","C",1911,"High",7888,"SOV1","yes","V1",8.97309789628247
"S11","C",1721,"Low",3624,"V1","no","V1",8.19533366716287
"S11","C",521,"Low",2760,"V1","no","V1",7.9229859587112
"S11","C",121,"Low",6992,"V1","no","V1",8.85252191733537
"S11","C",1612,"High",3160,"SOV2","yes","V2",8.05832730658096
"S11","C",622,"Low",18471,"V2","no","V2",9.82395721357932
"S11","C",921,"Low",5216,"V1","no","V1",8.55948610360649
"S11","C",1422,"Low",3512,"V2","no","V2",8.16394095475501
"S11","C",2012,"High",10744,"SOV2","yes","V2",9.28210273820307
"S11","C",1822,"Low",14951,"V2","no","V2",9.61253346621393
"S11","C",1212,"High",8993,"SOV2","yes","V2",9.10420177591451
"S11","C",222,"Low",3671,"V2","no","V2",8.20821938349683
"S11","C",1321,"Low",19464,"V1","no","V1",9.87632188446336
"S11","C",1511,"High",11120,"SOV1","yes","V1",9.31650056780457
"S11","C",1022,"Low",7159,"V2","no","V2",8.87612558539618
"S11","C",711,"High",3920,"SOV1","yes","V1",8.27384693278451
"S12","C",711,"High",5828,"SOV1","yes","V1",8.6704291673151
"S12","C",1911,"High",5354,"SOV1","yes","V1",8.5855992240803
"S12","C",1212,"High",18801,"SOV2","yes","V2",9.84166533889278
"S12","C",1511,"High",4940,"SOV1","yes","V1",8.50512061018197
"S12","C",1422,"Low",12405,"V2","no","V2",9.4258548961259
"S12","C",1321,"Low",8305,"V1","no","V1",9.0246130220474
"S12","C",2012,"High",9074,"SOV2","yes","V2",9.11316846022391
"S12","C",1111,"High",10100,"SOV1","yes","V1",9.22029070282935
"S12","C",812,"High",5897,"SOV2","yes","V2",8.6821990260005
"S12","C",1721,"Low",5839,"V1","no","V1",8.67231482828354
"S12","C",1022,"Low",5364,"V2","no","V2",8.58746524440157
"S12","C",311,"High",4969,"SOV1","yes","V1",8.51097389160232
"S12","C",921,"High",8184,"V1","no","V1",9.00993630763146
"S12","C",521,"High",7307,"V1","no","V1",8.89658807179122
"S12","C",1612,"Low",5858,"SOV2","yes","V2",8.67556352738768
"S12","C",1822,"Low",6114,"V2","no","V2",8.71833650245078
"S12","C",622,"High",6399,"V2","no","V2",8.76389700713946
"S13","C",812,"Low",12437,"SOV2","yes","V2",9.42843117965374
"S13","C",1212,"High",6496,"SOV2","yes","V2",8.77894188184151
"S13","C",412,"Low",6181,"SOV2","yes","V2",8.72923534965927
"S13","C",1422,"High",3839,"V2","no","V2",8.2529671950008
"S13","C",521,"Low",3744,"V1","no","V1",8.22790983759748
"S13","C",311,"Low",4317,"SOV1","yes","V1",8.37031599555548
"S13","C",1911,"Low",4995,"SOV1","yes","V1",8.51619269108265
"S13","C",1022,"Low",5878,"V2","no","V2",8.67897184697886
"S13","C",1822,"Low",4618,"V2","no","V2",8.43771698991444
"S13","C",121,"Low",6435,"V1","no","V1",8.76950712003023
"S13","C",1111,"High",6736,"SOV1","yes","V1",8.81522155592216
"S13","C",1721,"Low",5322,"V1","no","V1",8.57960445153763
"S13","C",222,"Low",5167,"V2","no","V2",8.55004752828718
"S13","C",1321,"Low",4620,"V1","no","V1",8.43814998407578
"S13","C",1511,"Low",5199,"SOV1","yes","V1",8.55622157838371
"S13","C",921,"Low",4157,"V1","no","V1",8.33254893925264
"S13","C",2012,"Low",4721,"SOV2","yes","V2",8.45977592054629
"S13","C",711,"Low",4200,"SOV1","yes","V1",8.34283980427146
"S13","C",622,"High",4649,"V2","no","V2",8.44440742169058
"S13","C",1612,"Low",4535,"SOV2","yes","V2",8.41958036254924
"S14","C",812,"Low",15867,"SOV2","yes","V2",9.67199675973409
"S14","C",121,"High",10712,"V1","no","V1",9.27911988737101
"S14","C",1511,"High",5773,"SOV1","yes","V1",8.66094715506093
"S14","C",521,"Low",5561,"V1","no","V1",8.62353322718756
"S14","C",711,"Low",5276,"SOV1","yes","V1",8.5709235138372
"S14","C",1612,"Low",6983,"SOV2","yes","V2",8.85123390284603
"S14","C",1822,"High",5263,"V2","no","V2",8.56845648535378
"S14","C",222,"High",5225,"V2","no","V2",8.56121007683301
"S14","C",2012,"Low",2730,"SOV2","yes","V2",7.91205688817901
"S14","C",412,"Low",2768,"SOV2","yes","V2",7.92588031673756
"S14","C",921,"High",2756,"V1","no","V1",7.92153563213355
"S14","C",622,"High",3742,"V2","no","V2",8.22737550683403
"S14","C",1022,"Low",2419,"V2","no","V2",7.79110951061003
"S14","C",1212,"Low",2406,"SOV2","yes","V2",7.78572089653462
"S14","C",1111,"High",5113,"SOV1","yes","V1",8.53954159508
"S14","C",1422,"High",6373,"V2","no","V2",8.75982559531429
"S14","C",1911,"High",2071,"SOV1","yes","V1",7.63578686139558
"S14","C",1321,"Low",2408,"V1","no","V1",7.78655180642871
"S14","C",311,"High",1919,"SOV1","yes","V1",7.5595594960077
"S14","C",1721,"High",2020,"V1","no","V1",7.61085279039525
"S15","C",1022,"Low",8312,"V2","no","V2",9.02545553277906
"S15","C",1612,"High",7439,"SOV2","yes","V2",8.91449171019134
"S15","C",1511,"High",6295,"SOV1","yes","V1",8.74751094647845
"S15","C",311,"High",7648,"SOV1","yes","V1",8.94219945473124
"S15","C",412,"High",4050,"SOV2","yes","V2",8.30647216010058
"S15","C",1212,"High",5801,"SOV2","yes","V2",8.66578559546606
"S15","C",622,"High",12977,"V2","no","V2",9.47093383873723
"S15","C",812,"High",4104,"SOV2","yes","V2",8.31971738685061
"S15","C",1822,"Low",7095,"V2","no","V2",8.86714558959414
"S15","C",2012,"Low",4808,"SOV2","yes","V2",8.47803647621504
"S15","C",521,"Low",2216,"V1","no","V1",7.70345904786717
"S15","C",1321,"Low",5648,"V1","no","V1",8.63905677917308
"S15","C",1911,"High",6615,"SOV1","yes","V1",8.79709507654906
"S15","C",921,"Low",6607,"V1","no","V1",8.79588497202989
"S15","C",1111,"High",4328,"SOV1","yes","V1",8.37286082052632
"S15","C",711,"High",4840,"SOV1","yes","V1",8.48466999971068
"S15","C",222,"Low",5729,"V2","no","V2",8.65329627440858
"S15","C",121,"Low",3576,"V1","no","V1",8.18200013629341
"S15","C",1721,"Low",9624,"V1","no","V1",9.17201525765451
"S15","C",1422,"Low",3096,"V2","no","V2",8.03786623470962
"S16","C",711,"High",6297,"SOV1","yes","V1",8.74782860848874
"S16","C",1911,"High",17188,"SOV1","yes","V1",9.75196674489489
"S16","C",521,"High",4061,"V1","no","V1",8.3091845276863
"S16","C",311,"High",2585,"SOV1","yes","V1",7.85748078694253
"S16","C",222,"Low",13888,"V2","no","V2",9.53878043690013
"S16","C",1612,"High",2904,"SOV2","yes","V2",7.97384437594469
"S16","C",1721,"Low",7357,"V1","no","V1",8.90340751993226
"S16","C",1212,"High",5075,"SOV2","yes","V2",8.53208180390999
"S16","C",121,"Low",16894,"V1","no","V1",9.73471380828744
"S16","C",812,"High",2986,"SOV2","yes","V2",8.00168997809913
"S16","C",1022,"Low",3544,"V2","no","V2",8.17301131172497
"S16","C",1822,"Low",3096,"V2","no","V2",8.03786623470962
"S16","C",1321,"Low",6436,"V1","no","V1",8.76966250811227
"S16","C",1111,"High",4394,"SOV1","yes","V1",8.38799525294456
"S16","C",1511,"High",1590,"SOV1","yes","V1",7.37148929521428
"S16","C",412,"High",3169,"SOV2","yes","V2",8.06117135969092
"S16","C",1422,"High",3090,"V2","no","V2",8.03592636989179
"S16","C",622,"High",4998,"V2","no","V2",8.5167931113949
"S16","C",2012,"High",2106,"SOV2","yes","V2",7.65254569269392
"S17","C",521,"Low",5208,"V1","no","V1",8.55795118388841
"S17","C",622,"Low",4656,"V2","no","V2",8.44591198941127
"S17","C",1422,"Low",2616,"V2","no","V2",7.86940171257709
"S17","C",1911,"High",8072,"SOV1","yes","V1",8.99615656203344
"S17","C",1022,"Low",3520,"V2","no","V2",8.16621626859214
"S17","C",921,"Low",4831,"V1","no","V1",8.48280876455441
"S17","C",711,"High",8408,"SOV1","yes","V1",9.03693891255679
"S17","C",1212,"High",3060,"SOV2","yes","V2",8.02617019494643
"S17","C",1511,"High",2528,"SOV1","yes","V1",7.83518375526675
"S17","C",1612,"High",3336,"SOV2","yes","V2",8.11252776347864
"S17","C",1321,"Low",2480,"V1","no","V1",7.81601383915903
"S17","C",812,"High",4975,"SOV2","yes","V2",8.51218064959269
"S17","C",222,"Low",8056,"V2","no","V2",8.9941724343984
"S17","C",1111,"High",16419,"SOV1","yes","V1",9.70619447981203
"S17","C",412,"Low",3545,"SOV2","yes","V2",8.17329343896623
"S17","C",1721,"Low",5808,"V1","no","V1",8.66699155650463
"S17","C",2012,"High",7246,"SOV2","yes","V2",8.88820487145502
"S17","C",311,"High",3742,"SOV1","yes","V1",8.22737550683403
"S17","C",1822,"Low",6096,"V2","no","V2",8.71538809736648
"S17","C",121,"Low",2839,"V1","no","V1",7.95120715647297
"S18","D",922,"Low",2679,"V2","no","V2",7.89319886954461
"S18","D",1811,"High",7405,"SOV1","yes","V1",8.9099107267019
"S18","D",1722,"Low",3808,"V2","no","V2",8.24485939591126
"S18","D",712,"High",5796,"SOV2","yes","V2",8.66492330344057
"S18","D",2021,"High",5269,"V1","no","V1",8.56959587020929
"S18","D",421,"High",4442,"V1","no","V1",8.39886000445437
"S18","D",1621,"Low",3066,"V1","no","V1",8.02812905943176
"S18","D",611,"Low",7619,"SOV1","yes","V1",8.93840040647301
"S18","D",1411,"Low",2281,"SOV1","yes","V1",7.73236922228439
"S18","D",821,"High",9192,"V1","no","V1",9.12608881952859
"S18","D",522,"Low",1622,"V2","no","V2",7.39141523467536
"S18","D",312,"Low",18986,"SOV2","yes","V2",9.85145714444174
"S18","D",1221,"Low",8720,"V1","no","V1",9.07337451690302
"S18","D",211,"Low",6181,"SOV1","yes","V1",8.72923534965927
"S18","D",1912,"High",6039,"SOV2","yes","V2",8.7059937143079
"S18","D",1011,"High",2195,"SOV1","yes","V1",7.69393732550927
"S18","D",1112,"Low",7604,"SOV2","yes","V2",8.93642970360832
"S18","D",1322,"Low",2328,"V2","no","V2",7.75276480885133
"S18","D",1512,"High",3640,"SOV2","yes","V2",8.19973896063079
"S18","D",122,"High",2355,"V2","no","V2",7.76429600645052
"S19","D",1722,"Low",5742,"V2","no","V2",8.65556286068101
"S19","D",1512,"High",3869,"SOV2","yes","V2",8.26075135470051
"S19","D",1011,"High",3069,"SOV1","yes","V1",8.02910705461974
"S19","D",1912,"High",2936,"SOV2","yes","V2",7.98480338973441
"S19","D",1322,"Low",3566,"V2","no","V2",8.17919979842309
"S19","D",1411,"High",5975,"SOV1","yes","V1",8.69533937679971
"S19","D",1621,"Low",3041,"V1","no","V1",8.01994168767737
"S19","D",1221,"Low",9436,"V1","no","V1",9.15228744052757
"S19","D",211,"High",3585,"SOV1","yes","V1",8.18451375303372
"S19","D",1811,"High",3352,"SOV1","yes","V1",8.11731246160197
"S19","D",2021,"Low",9122,"V1","no","V1",9.11844435727165
"S19","D",821,"High",5929,"V1","no","V1",8.68761084370737
"S19","D",922,"Low",5818,"V2","no","V2",8.66871183905515
"S19","D",1112,"High",2330,"SOV2","yes","V2",7.75362354655975
"S19","D",312,"High",3007,"SOV2","yes","V2",8.00869818298853
"S19","D",421,"Low",2369,"V1","no","V1",7.77022320415879
"S19","D",522,"Low",3488,"V2","no","V2",8.15708378502887
"S19","D",712,"High",4071,"SOV2","yes","V2",8.31164394850298
"S19","D",611,"High",2083,"SOV1","yes","V1",7.64156444126097
"S19","D",122,"High",8142,"V2","no","V2",9.00479112906292
"S20","D",712,"High",3790,"SOV2","yes","V2",8.24012129807647
"S20","D",1912,"High",4553,"SOV2","yes","V2",8.42354163533478
"S20","D",122,"High",6325,"V2","no","V2",8.75226531359572
"S20","D",821,"Low",4723,"V1","no","V1",8.46019946989612
"S20","D",1322,"Low",2509,"V2","no","V2",7.82763954636642
"S20","D",312,"High",3649,"SOV2","yes","V2",8.20220843643645
"S20","D",1512,"High",5043,"SOV2","yes","V2",8.52575642207673
"S20","D",1722,"Low",8406,"V2","no","V2",9.03670101556506
"S20","D",1112,"High",4317,"SOV2","yes","V2",8.37031599555548
"S20","D",1621,"High",6359,"V1","no","V1",8.75762641126741
"S20","D",421,"Low",3995,"V1","no","V1",8.29279885820037
"S20","D",611,"High",3127,"SOV1","yes","V1",8.04782935745784
"S20","D",1811,"Low",5043,"SOV1","yes","V1",8.52575642207673
"S20","D",2021,"Low",6502,"V1","no","V1",8.77986510086385
"S20","D",522,"Low",4615,"V2","no","V2",8.43706714693695
"S20","D",211,"Low",2130,"SOV1","yes","V1",7.66387725870347
"S20","D",1411,"High",2805,"SOV1","yes","V1",7.9391588179568
"S20","D",1011,"High",3178,"SOV1","yes","V1",8.06400734709666
"S20","D",1221,"High",2831,"V1","no","V1",7.9483852851119
"S20","D",922,"Low",3816,"V2","no","V2",8.24695803256818
"S21","D",1621,"Low",5516,"V1","no","V1",8.61540823891319
"S21","D",1722,"Low",5782,"V2","no","V2",8.66250492257629
"S21","D",1112,"Low",11312,"SOV2","yes","V2",9.33361938813635
"S21","D",522,"Low",8538,"V2","no","V2",9.05228206731791
"S21","D",1011,"High",4271,"SOV1","yes","V1",8.35960327084147
"S21","D",312,"High",4094,"SOV2","yes","V2",8.31727776622123
"S21","D",922,"Low",7902,"V2","no","V2",8.97487117097134
"S21","D",1811,"High",4349,"SOV1","yes","V1",8.37770121259764
"S21","D",122,"High",4970,"V2","no","V2",8.51117511909067
"S21","D",1322,"Low",10837,"V2","no","V2",9.290721483923
"S21","D",1912,"High",4768,"SOV2","yes","V2",8.46968220874519
"S21","D",1221,"Low",11645,"V1","no","V1",9.36263218231844
"S21","D",1411,"High",3790,"SOV1","yes","V1",8.24012129807647
"S21","D",712,"High",5059,"SOV2","yes","V2",8.52892411429194
"S21","D",821,"Low",2309,"V1","no","V1",7.7445698093545
"S21","D",421,"Low",4673,"V1","no","V1",8.44955654270043
"S21","D",2021,"Low",2903,"V1","no","V1",7.97349996402463
"S21","D",1512,"High",6312,"SOV2","yes","V2",8.75020786252571
"S22","D",1322,"Low",4455,"V2","no","V2",8.40178233990491
"S22","D",1221,"Low",6131,"V1","no","V1",8.72111314776269
"S22","D",1011,"High",2018,"SOV1","yes","V1",7.60986220091355
"S22","D",1621,"Low",2950,"V1","no","V1",7.98956044933387
"S22","D",1112,"Low",6386,"SOV2","yes","V2",8.76186337327473
"S22","D",421,"Low",1895,"V1","no","V1",7.54697411751653
"S22","D",2021,"High",2683,"V1","no","V1",7.89469085042562
"S22","D",821,"Low",2648,"V1","no","V1",7.8815599170569
"S22","D",1722,"Low",2941,"V2","no","V2",7.986504938554
"S22","D",922,"Low",1761,"V2","no","V2",7.47363710849621
"S22","D",712,"High",3376,"SOV2","yes","V2",8.12444685571585
"S22","D",312,"High",2537,"SOV2","yes","V2",7.83873755959928
"S22","D",211,"High",2126,"SOV1","yes","V1",7.66199755890189
"S22","D",611,"High",1846,"SOV1","yes","V1",7.5207764150628
"S22","D",1411,"High",1639,"SOV1","yes","V1",7.40184157874383
"S22","D",1912,"High",2126,"SOV2","yes","V2",7.66199755890189
"S22","D",522,"Low",4204,"V2","no","V2",8.34379173199684
"S22","D",122,"Low",3849,"V2","no","V2",8.25556865328375
"S22","D",1512,"High",2261,"SOV2","yes","V2",7.72356247227797
"S23","D",1621,"Low",3802,"V1","no","V1",8.24328252304838
"S23","D",1011,"Low",7007,"SOV1","yes","V1",8.85466492837053
"S23","D",122,"Low",10221,"V2","no","V2",9.23219970632908
"S23","D",1912,"Low",7349,"SOV2","yes","V2",8.90231952852887
"S23","D",421,"Low",4567,"V1","no","V1",8.426611813185
"S23","D",1221,"Low",11737,"V1","no","V1",9.37050152410012
"S23","D",712,"High",10199,"SOV2","yes","V2",9.23004495525052
"S23","D",1112,"Low",7318,"SOV2","yes","V2",8.89809234557915
"S23","D",922,"Low",5848,"V2","no","V2",8.67385500142962
"S23","D",211,"High",7703,"SOV1","yes","V1",8.94936514235297
"S23","D",1322,"Low",13483,"V2","no","V2",9.50918491163407
"S23","D",312,"Low",13226,"SOV2","yes","V2",9.48993986823461
"S23","D",2021,"Low",10331,"V1","no","V1",9.24290436284945
"S23","D",611,"High",7135,"SOV1","yes","V1",8.87276752991094
"S23","D",522,"High",10671,"V2","no","V2",9.27528506061656
"S23","D",1811,"Low",8059,"SOV1","yes","V1",8.99454475832451
"S23","D",821,"Low",9172,"V1","no","V1",9.1239106439778
"S23","D",1411,"High",7413,"SOV1","yes","V1",8.91099049465672
"S23","D",1722,"Low",6115,"V2","no","V2",8.71850004812127
"S23","D",1512,"High",8882,"SOV2","yes","V2",9.09178203585205
"S24","D",1722,"Low",5235,"V2","no","V2",8.56312212330464
"S24","D",122,"Low",3827,"V2","no","V2",8.2498364854257
"S24","D",1112,"Low",12690,"SOV2","yes","V2",9.44856956070843
"S24","D",522,"Low",4713,"V2","no","V2",8.45807992692373
"S24","D",611,"High",4071,"SOV1","yes","V1",8.31164394850298
"S24","D",821,"Low",4114,"V1","no","V1",8.3221510702129
"S24","D",1322,"Low",2175,"V2","no","V2",7.68478394352278
"S24","D",312,"High",5146,"SOV2","yes","V2",8.54597499284169
"S24","D",2021,"Low",4261,"V1","no","V1",8.35725915349991
"S24","D",211,"High",2957,"SOV1","yes","V1",7.99193051985248
"S24","D",922,"Low",4217,"V2","no","V2",8.34687925374656
"S24","D",421,"Low",3973,"V1","no","V1",8.2872767558146
"S24","D",712,"High",3708,"SOV2","yes","V2",8.21824792668574
"S24","D",1912,"High",5146,"SOV2","yes","V2",8.54597499284169
"S24","D",1621,"Low",2942,"V1","no","V1",7.98684490116138
"S24","D",1811,"High",2219,"SOV1","yes","V1",7.70481192293259
"S24","D",1221,"Low",4808,"V1","no","V1",8.47803647621504
"S24","D",1411,"High",2609,"SOV1","yes","V1",7.86672228513673
"S24","D",1011,"High",3199,"SOV1","yes","V1",8.07059353994952
"S25","D",1512,"High",4337,"SOV2","yes","V2",8.37493814383537
"S25","D",312,"High",4984,"SOV2","yes","V2",8.51398806046729
"S25","D",1322,"High",4023,"V2","no","V2",8.29978317194979
"S25","D",1912,"Low",5420,"SOV2","yes","V2",8.59785109443369
"S25","D",1811,"Low",6250,"SOV1","yes","V1",8.74033674273045
"S25","D",1621,"Low",6237,"V1","no","V1",8.73825457652612
"S25","D",611,"High",7596,"SOV1","yes","V1",8.93537707193218
"S25","D",922,"High",6944,"V2","no","V2",8.84563325634019
"S25","D",1221,"Low",9875,"V1","no","V1",9.19776158976932
"S25","D",522,"Low",5236,"V2","no","V2",8.56331312702979
"S25","D",1411,"High",15116,"SOV1","yes","V1",9.62350906446938
"S25","D",122,"High",5161,"V2","no","V2",8.54888563814873
"S25","D",821,"High",5844,"V1","no","V1",8.67317077287059
"S25","D",1011,"High",5304,"SOV1","yes","V1",8.5762165318657
"S25","D",1722,"Low",4275,"V2","no","V2",8.36053938137086
"S25","D",712,"Low",8124,"SOV2","yes","V2",9.00257792270028
"S25","D",1112,"High",5393,"SOV2","yes","V2",8.59285709533723
"S25","D",421,"Low",6614,"V1","no","V1",8.79694389354174
"S25","D",211,"High",4555,"SOV1","yes","V1",8.42398080969406
"S25","D",2021,"Low",6146,"V1","no","V1",8.72355674269043
"S26","B",1021,"Low",8146,"V1","no","V1",9.00528228820836
"S26","B",1922,"Low",12777,"V2","no","V2",9.45540195859132
"S26","B",2011,"Low",7317,"SOV1","yes","V1",8.89795568688403
"S26","B",1122,"High",11657,"V2","no","V2",9.36366213691983
"S26","B",912,"High",5307,"SOV2","yes","V2",8.57678198282789
"S26","B",1611,"High",11991,"SOV1","yes","V1",9.39191164737943
"S26","B",512,"High",14694,"SOV2","yes","V2",9.59519452618022
"S26","B",112,"High",5581,"SOV2","yes","V2",8.62712325078843
"S26","B",322,"Low",2879,"V2","no","V2",7.96519829061218
"S26","B",411,"High",15594,"SOV1","yes","V1",9.65464150386955
"S26","B",1421,"Low",15380,"V1","no","V1",9.64082324305964
"S26","B",1712,"High",7177,"SOV2","yes","V2",8.87863674743007
"S26","B",722,"High",4871,"V2","no","V2",8.49105453380654
"S26","B",221,"Low",7206,"V1","no","V1",8.88266929130804
"S27","B",1211,"Low",6808,"SOV1","yes","V1",8.82585367025321
"S27","B",1922,"Low",5646,"V2","no","V2",8.63870260881343
"S27","B",1122,"Low",6519,"V2","no","V2",8.78247626892454
"S27","B",811,"High",5744,"SOV1","yes","V1",8.65591111072806
"S27","B",1312,"High",4698,"SOV2","yes","V2",8.45489216521886
"S27","B",1421,"Low",5851,"V1","no","V1",8.67436786578824
"S27","B",411,"Low",6470,"SOV1","yes","V1",8.77493138749495
"S27","B",512,"High",4007,"SOV2","yes","V2",8.29579811063615
"S27","B",1821,"Low",4523,"V1","no","V1",8.41693076947784
"S27","B",1712,"Low",5535,"SOV2","yes","V2",8.61884684514274
"S27","B",2011,"Low",10959,"SOV1","yes","V1",9.30191631546339
"S27","B",112,"Low",5317,"SOV2","yes","V2",8.57866451350434
"S27","B",1611,"Low",4437,"SOV1","yes","V1",8.39773375137891
"S27","B",912,"Low",4682,"SOV2","yes","V2",8.45148064805086
"S27","B",1522,"Low",4870,"V2","no","V2",8.49084921607663
"S27","B",621,"Low",5291,"V1","no","V1",8.57376254290413
"S27","B",322,"Low",5246,"V2","no","V2",8.56522116042682
"S27","B",722,"Low",5368,"V2","no","V2",8.58821067865152
"S27","B",221,"Low",10537,"V1","no","V1",9.26264815159953
"S27","B",1021,"Low",4149,"V1","no","V1",8.33062262033287
"S28","B",621,"High",9479,"V1","no","V1",9.15683410445304
"S28","B",1122,"Low",7407,"V2","no","V2",8.91018077801329
"S28","B",722,"Low",8119,"V2","no","V2",9.00196227286245
"S28","B",1611,"High",11953,"SOV1","yes","V1",9.38873757187798
"S28","B",2011,"High",9008,"SOV1","yes","V1",9.10586835037947
"S28","B",112,"High",5176,"SOV2","yes","V2",8.55178783618074
"S28","B",1522,"Low",10201,"V2","no","V2",9.23024103368252
"S28","B",1211,"High",7589,"SOV1","yes","V1",8.93445510940391
"S28","B",1312,"Low",9528,"SOV2","yes","V2",9.16199011103514
"S28","B",322,"Low",13051,"V2","no","V2",9.47662003816753
"S28","B",1021,"Low",6458,"V1","no","V1",8.77307495131822
"S28","B",912,"Low",7618,"SOV2","yes","V2",8.93826914703855
"S28","B",221,"High",7882,"V1","no","V1",8.97233695775495
"S28","B",411,"Low",14335,"SOV1","yes","V1",9.57045937831747
"S28","B",1421,"Low",6186,"V1","no","V1",8.73004395324502
"S28","B",1922,"Low",15587,"V2","no","V2",9.65419251248905
"S28","B",811,"High",8878,"SOV1","yes","V1",9.09133158539398
"S28","B",1821,"Low",10355,"V1","no","V1",9.24522477382969
"S28","B",1712,"High",7556,"SOV2","yes","V2",8.9300972286214
"S29","C",1422,"Low",17663,"V2","no","V2",9.77922733515544
"S29","C",1721,"Low",5424,"V1","no","V1",8.59858882962023
"S29","C",222,"High",9792,"V2","no","V2",9.18932100475211
"S29","C",1111,"High",7728,"SOV1","yes","V1",8.95260537589235
"S29","C",1511,"High",3192,"SOV1","yes","V1",8.0684029585697
"S29","C",921,"Low",7624,"V1","no","V1",8.93905644533404
"S29","C",812,"High",2280,"SOV2","yes","V2",7.73193072194849
"S29","C",121,"Low",4720,"V1","no","V1",8.4595640785796
"S29","C",412,"Low",17589,"SOV2","yes","V2",9.77502898563232
"S29","C",311,"High",2064,"SOV1","yes","V1",7.63240112660145
"S29","C",1321,"Low",2025,"V1","no","V1",7.61332497954064
"S29","C",1612,"High",4703,"SOV2","yes","V2",8.45595588194505
"S29","C",1822,"Low",9919,"V2","no","V2",9.20220738874599
"S29","C",1022,"Low",2712,"V2","no","V2",7.90544164906029
"S29","C",2012,"High",9632,"SOV2","yes","V2",9.1728461675486
"S29","C",1911,"High",4064,"SOV1","yes","V1",8.30992298925832
"S29","C",711,"High",2968,"SOV1","yes","V1",7.99564360428727
"S29","C",1212,"High",5711,"SOV2","yes","V2",8.65014941866486
"S29","C",622,"Low",2968,"V2","no","V2",7.99564360428727
"S29","C",521,"Low",4448,"V1","no","V1",8.40020983593042
"S30","A",1711,"High",7050,"SOV1","yes","V1",8.86078289580631
"S30","A",1121,"High",14846,"V1","no","V1",9.60548574767749
"S30","A",1222,"Low",5656,"V2","no","V2",8.64047220757641
"S30","A",1921,"Low",4861,"V1","no","V1",8.48899945704546
"S30","A",822,"Low",12423,"V2","no","V2",9.42730487221368
"S30","A",911,"Low",14743,"SOV1","yes","V1",9.59852367284982
"S30","A",1012,"High",4589,"SOV2","yes","V2",8.43141741439483
"S30","A",1521,"Low",4901,"V1","no","V1",8.49719454490955
"S30","A",321,"Low",4952,"V1","no","V1",8.50754681436443
"S30","A",1412,"High",5655,"SOV2","yes","V2",8.64029538855022
"S30","A",111,"High",6968,"SOV1","yes","V1",8.84908351853234
"S30","A",2022,"Low",5451,"V2","no","V2",8.60355435706428
"S30","A",212,"Low",7672,"SOV2","yes","V2",8.94533261656327
"S30","A",422,"Low",2812,"V2","no","V2",7.94165125293056
"S30","A",1812,"Low",8185,"SOV2","yes","V2",9.01005848980524
"S30","A",1622,"Low",5061,"V2","no","V2",8.52931937121408
"S30","A",612,"High",4971,"SOV2","yes","V2",8.51137630609467
"S30","A",721,"High",6437,"V1","no","V1",8.76981787205262
"S30","A",511,"High",6338,"SOV1","yes","V1",8.75431854025087
"S30","A",1311,"Low",7153,"SOV1","yes","V1",8.87528712810838
"S31","A",2022,"Low",16520,"V2","no","V2",9.71232704707497
"S31","A",612,"High",7600,"SOV2","yes","V2",8.93590352627442
"S31","A",1121,"Low",18394,"V1","no","V1",9.81977980346264
"S31","A",111,"High",9150,"SOV1","yes","V1",9.12150915826957
"S31","A",212,"High",11666,"SOV2","yes","V2",9.36443390731358
"S31","A",1012,"High",7428,"SOV2","yes","V2",8.9130119224726
"S31","A",1222,"Low",9870,"V2","no","V2",9.19725513242753
"S31","A",1711,"High",7527,"SOV1","yes","V1",8.92625183503453
"S31","A",511,"High",12310,"SOV1","yes","V1",9.4181672191785
"S31","A",721,"High",8968,"V1","no","V1",9.101417964752
"S31","A",1412,"High",4636,"SOV2","yes","V2",8.44160720445964
"S31","A",822,"High",9366,"V2","no","V2",9.14484138974349
"S31","A",1921,"Low",4994,"V1","no","V1",8.51599247083972
"S31","A",1521,"Low",5262,"V1","no","V1",8.56826646160024
"S31","A",1622,"Low",7236,"V2","no","V2",8.88682384651519
"S31","A",321,"Low",11524,"V1","no","V1",9.35218709620442
"S31","A",1812,"High",3399,"SOV2","yes","V2",8.13123654969612
"S31","A",911,"High",5704,"SOV1","yes","V1",8.64892296209413
"S31","A",1311,"Low",8875,"SOV1","yes","V1",9.09099361434362
"S31","A",422,"Low",4705,"V2","no","V2",8.45638105201948
"S32","A",1622,"Low",6169,"V2","no","V2",8.72729202920964
"S32","A",1521,"Low",18755,"V1","no","V1",9.83921566251599
"S32","A",422,"Low",5105,"V2","no","V2",8.53797573059877
"S32","A",1222,"Low",6118,"V2","no","V2",8.71899052471085
"S32","A",1812,"High",7934,"SOV2","yes","V2",8.97891260107428
"S32","A",911,"High",4259,"SOV1","yes","V1",8.35678966992321
"S32","A",721,"High",7553,"V1","no","V1",8.92970011431345
"S32","A",1921,"Low",6530,"V1","no","V1",8.78416222227048
"S32","A",2022,"Low",6539,"V2","no","V2",8.78553952756128
"S32","A",1121,"Low",5650,"V1","no","V1",8.63941082414049
"S32","A",1711,"High",8871,"SOV1","yes","V1",9.09054280852059
"S32","A",1012,"High",5899,"SOV2","yes","V2",8.68253812400308
"S32","A",612,"High",4167,"SOV2","yes","V2",8.33495163142245
"S32","A",822,"High",5000,"V2","no","V2",8.51719319141624
"S32","A",321,"Low",10431,"V1","no","V1",9.25253742067597
"S32","A",212,"High",4420,"SOV2","yes","V2",8.39389497507174
"S32","A",511,"High",4899,"SOV1","yes","V1",8.49678638163858
"S32","A",1412,"High",4950,"SOV2","yes","V2",8.50714285556274
"S32","A",111,"High",5800,"SOV1","yes","V1",8.66561319653451
"S33","A",911,"High",6382,"SOV1","yes","V1",8.76123680683819
"S33","A",422,"Low",8121,"V2","no","V2",9.00220857828241
"S33","A",1921,"Low",7069,"V1","no","V1",8.86347430617095
"S33","A",2022,"Low",6717,"V2","no","V2",8.81239690526686
"S33","A",1622,"Low",5091,"V2","no","V2",8.53522955390234
"S33","A",1222,"Low",7483,"V2","no","V2",8.92038906008036
"S33","A",212,"Low",6914,"SOV2","yes","V2",8.84130362048157
"S33","A",111,"High",6432,"SOV1","yes","V1",8.7690408108588
"S33","A",1521,"High",7383,"V1","no","V1",8.90693533905917
"S33","A",721,"Low",4550,"V1","no","V1",8.422882511945
"S33","A",1711,"High",6724,"SOV1","yes","V1",8.81343849452851
"S33","A",1012,"Low",5522,"SOV2","yes","V2",8.6164953924901
"S33","A",612,"Low",8232,"SOV2","yes","V2",9.01578427751389
"S33","A",822,"Low",7383,"V2","no","V2",8.90693533905917
"S33","A",1812,"High",5466,"SOV2","yes","V2",8.60630236648801
"S33","A",1412,"High",6598,"SOV2","yes","V2",8.79452185178853
"S33","A",1121,"Low",6422,"V1","no","V1",8.76748487464946
"S33","A",511,"Low",4530,"SOV1","yes","V1",8.41847721847708
"S33","A",1311,"Low",4889,"SOV1","yes","V1",8.49474306257865
"S33","A",321,"Low",4400,"V1","no","V1",8.38935981990635
"S34","A",1711,"High",11395,"SOV1","yes","V1",9.34092994167978
"S34","A",721,"High",6434,"V1","no","V1",8.76935170779897
"S34","A",911,"Low",4808,"SOV1","yes","V1",8.47803647621504
"S34","A",1311,"High",6002,"SOV1","yes","V1",8.69984802600031
"S34","A",212,"High",7990,"SOV2","yes","V2",8.98594603876032
"S34","A",612,"High",6374,"SOV2","yes","V2",8.75998249497728
"S34","A",1521,"High",3248,"V1","no","V1",8.08579470128157
"S34","A",1012,"Low",10420,"SOV2","yes","V2",9.25148231530736
"S34","A",1222,"Low",6642,"V2","no","V2",8.80116840193669
"S34","A",1121,"Low",7809,"V1","no","V1",8.96303219366268
"S34","A",1921,"Low",7131,"V1","no","V1",8.8722067560283
"S34","A",1412,"High",4009,"SOV2","yes","V2",8.29629711264251
"S34","A",2022,"Low",5341,"V2","no","V2",8.58316818033977
"S34","A",111,"High",5594,"SOV1","yes","V1",8.6294498737619
"S34","A",321,"Low",2671,"V1","no","V1",7.89020821310996
"S34","A",1622,"Low",2167,"V2","no","V2",7.68109900153636
"S34","A",422,"Low",3579,"V2","no","V2",8.18283871076603
"S34","A",511,"Low",3185,"SOV1","yes","V1",8.06620756800626
"S34","A",1812,"High",4877,"SOV2","yes","V2",8.49228555571005
"S34","A",822,"High",3925,"V2","no","V2",8.27512163021651
"S35","C",1212,"Low",5860,"SOV2","yes","V2",8.67590488257106
"S35","C",1721,"Low",5648,"V1","no","V1",8.63905677917308
"S35","C",121,"Low",5860,"V1","no","V1",8.67590488257106
"S35","C",1022,"Low",4973,"V2","no","V2",8.51177855871474
"S35","C",412,"Low",5366,"SOV2","yes","V2",8.58783803098557
"S35","C",622,"Low",5305,"V2","no","V2",8.57640505104808
"S35","C",521,"Low",4146,"V1","no","V1",8.32989929299572
"S35","C",1422,"Low",4139,"V2","no","V2",8.32820949174873
"S35","C",1511,"Low",4496,"SOV1","yes","V1",8.41094339157353
"S35","C",1822,"Low",3541,"V2","no","V2",8.1721644521119
"S35","C",921,"Low",3405,"V1","no","V1",8.13300021858361
"S35","C",1321,"Low",3525,"V1","no","V1",8.16763571524637
"S35","C",1612,"High",3448,"SOV2","yes","V2",8.14554963178358
"S35","C",2012,"High",3150,"SOV2","yes","V2",8.05515773181968
"S35","C",222,"High",2638,"V2","no","V2",7.87777633327726
"S35","C",1911,"Low",3770,"SOV1","yes","V1",8.23483028044206
"S35","C",812,"High",3889,"SOV2","yes","V2",8.26590733415575
"S35","C",1111,"High",2944,"SOV1","yes","V1",7.98752447984877
"S35","C",711,"High",1450,"SOV1","yes","V1",7.27931883541462
"S35","C",311,"High",3141,"SOV1","yes","V1",8.05229649953865
"S36","D",122,"High",10522,"V2","no","V2",9.26122358229075
"S36","D",712,"High",4245,"SOV2","yes","V2",8.35349709874545
"S36","D",1912,"Low",5484,"SOV2","yes","V2",8.60959004068221
"S36","D",1811,"High",5407,"SOV1","yes","V1",8.595449689382
"S36","D",1011,"High",7071,"SOV1","yes","V1",8.86375719160424
"S36","D",1621,"Low",2608,"V1","no","V1",7.86633892304654
"S36","D",312,"High",3459,"SOV2","yes","V2",8.14873480893717
"S36","D",211,"High",6081,"SOV1","yes","V1",8.71292443512011
"S36","D",421,"Low",6369,"V1","no","V1",8.75919775037137
"S36","D",922,"Low",6618,"V2","no","V2",8.79754848848156
"S36","D",611,"High",5067,"SOV1","yes","V1",8.53050420547591
"S36","D",821,"High",2603,"V1","no","V1",7.86441990499457
"S36","D",2021,"Low",4419,"V1","no","V1",8.39366870513074
"S36","D",1722,"Low",5283,"V2","no","V2",8.57224939716431
"S36","D",1512,"High",3568,"SOV2","yes","V2",8.1797604936999
"S36","D",1112,"High",3017,"SOV2","yes","V2",8.01201823915906
"S36","D",1221,"Low",8483,"V1","no","V1",9.04581943980773
"S36","D",1322,"Low",2966,"V2","no","V2",7.99496952269788
"S36","D",1411,"High",9251,"SOV1","yes","V1",9.13248693277132
"S36","D",522,"Low",6069,"V2","no","V2",8.71094912583585
